,gain
usb_n_zr,764547.0363622904
usb_n_ratio_u,406852.9246633649
http_job_zr,345028.8293939829
file_n,289995.6538221836
http_job_zu,227419.1328188181
logon_other_pc_zu,213375.18438720703
file_zip_ratio_u,81983.71475207806
logon_after_hours_ratio_u,75953.4561522603
logon_other_pc_zr,54416.11797350645
http_after_hours_zr,47075.91691535711
file_doc_ratio_u,42918.77307224274
logoff_last_hour,41392.69650417566
file_zip_zu,39159.12019884586
file_after_hours_ratio_u,34165.58690208197
file_n_ratio_u,31874.30040538311
http_hack_zu,30695.807909190655
usb_n,27206.313107073307
logon_first_hour,25167.16287136078
http_job,23279.599796891212
file_n_zu,22660.56744557619
email_bcc,22381.11324453354
usb_n_zu,21939.23110795021
http_leak_zu,21708.3329924345
email_size_zr,20032.013849258423
file_doc_zr,16672.71508681774
http_hack_zr,16625.78004872799
http_cloud,16474.598375320435
http_job_ratio_u,14708.211328148842
email_size,14291.939023435116
logoff_last_hour_shift,12221.779992818832
usb_distinct_pc,11458.995517015457
file_doc_zu,10714.138199269772
logoff_after_hours,10233.06283634901
email_attachments_zr,9815.919355273247
file_exe_zu,9345.98899269104
http_hack_ratio_u,9241.509344816208
logon_distinct_pc_zu,9052.411701261997
usb_after_hours,8912.09894490242
http_after_hours_ratio_u,8491.57273799181
usb_after_hours_zr,8468.805039167404
email_size_max,8418.702105879784
email_attachments_ratio_u,8279.238503932953
email_ext_attachments_zr,8254.565978109837
http_cloud_ratio_u,7993.0300605893135
http_cloud_zu,7937.737591803074
file_exe_ratio_u,7726.829359173775
file_zip_zr,7678.961606383324
http_cloud_zr,7569.52760219574
http_rare_visits_zu,7150.812148332596
email_size_ratio_u,7107.983503043652
logon_after_hours_zr,6964.421923041344
http_leak_ratio_u,6612.732205152512
email_size_zu,6319.9312198758125
email_after_hours_zu,6228.554803490639
dow,6079.483611881733
logon_first_hour_shift,5738.5820055007935
file_n_zr,5614.204165697098
email_to_ext_zr,4940.488971114159
logon_distinct_pc_zr,4937.0421768426895
usb_after_hours_zu,4618.788135886192
email_after_hours_zr,4298.682827472687
logon_distinct_pc_ratio_u,4224.482762932777
email_ext_attachments_zu,4189.982716798782
logon_after_hours_zu,3994.713425755501
email_attachments_zu,3993.1250845193863
email_ext_recipients_zr,3914.2648791074753
email_ext_recipients_ratio_u,3499.792105317116
http_after_hours,3465.663712620735
logon_other_pc_ratio_u,3434.6547114253044
http_after_hours_zu,3336.0230867266655
email_ext_recipients_zu,2965.4534816741943
email_to_ext_ratio_u,2930.9705848693848
file_exe_zr,2783.476055085659
email_ext_attachments_ratio_u,2732.1208187937737
file_distinct,2727.6285231113434
file_distinct_ratio_u,2653.122637927532
email_after_hours_ratio_u,2621.0997220873833
http_leak_zr,2544.3192998170853
usb_after_hours_ratio_u,2523.90565598011
file_after_hours_zu,2360.737319767475
email_ext_recipients,2317.8896384239197
email_attachments,2207.8657479286194
file_distinct_zr,2188.978843808174
email_from_personal,2161.7690218687057
file_distinct_zu,1982.7492539286613
http_rare_visits,1982.2079285383224
file_doc,1976.6160416007042
http_hack,1957.2948392629623
logon_other_pc,1941.7278779745102
email_to_ext_zu,1766.6807960867882
logon_after_hours,1754.009027004242
http_rare_visits_ratio_u,1667.7391161322594
http_leak,1305.6603790521622
file_after_hours_zr,1223.2911930084229
email_to_ext,1167.13957041502
email_ext_attachments,889.3156305551529
http_leak_first_time,708.3949890136719
file_after_hours,580.2817611694336
file_pdf,554.5029690861702
logon_weekend,552.3815546035767
logon_distinct_pc,488.134667634964
http_rare_visits_zr,451.6766811609268
file_txt,270.1764419078827
file_jpg,218.13139259815216
email_after_hours,136.62508380413055
is_weekend,100.38557744026184
file_zip,86.6193699836731
file_distinct_pc,60.02989053726196
usb_weekend,35.25330066680908
http_job_first_time,2.6870601177215576
logon_after_hours_first_time,0.0
file_exe,0.0
http_rare_domains,0.0
logon_other_pc_first_time,0.0
usb_after_hours_first_time,0.0
logon_distinct_pc_first_time,0.0
usb_n_first_time,0.0
file_zip_first_time,0.0
file_exe_first_time,0.0
file_distinct_first_time,0.0
file_after_hours_first_time,0.0
file_n_first_time,0.0
http_rare_visits_first_time,0.0
email_attachments_first_time,0.0
email_ext_attachments_first_time,0.0
file_doc_first_time,0.0
email_after_hours_first_time,0.0
email_size_first_time,0.0
http_after_hours_first_time,0.0
email_ext_recipients_first_time,0.0
email_to_ext_first_time,0.0
http_hack_first_time,0.0
http_cloud_first_time,0.0
