user,max_stage,max_stage_name,escalations,max_risk,first_reconnaissance,first_collection,first_staging,first_exfiltration,first_departure,insider,scenario,attack_start,attack_end,staging_days_before_attack_end
CAH0936,5,Departure,2,1.0,2010-08-11,2010-08-11,2010-08-11,2010-08-11,2010-09-03,1,1.0,2010-08-11,2010-08-12,1.0
MAR0955,5,Departure,2,1.0,2011-02-08,2011-02-08,2011-02-08,2011-02-08,2011-03-04,1,1.0,2011-02-08,2011-02-11,3.0
EDB0714,5,Departure,4,0.9999,2010-06-03,2010-10-20,2010-10-18,2010-10-21,2010-12-15,1,2.0,2010-10-18,2010-12-14,57.0
EGD0132,5,Departure,3,0.9999,2010-08-02,2010-08-05,2010-08-02,2010-08-13,2010-09-29,1,2.0,2010-08-02,2010-09-28,57.0
EHB0824,5,Departure,2,0.9999,2010-08-13,2010-07-22,2010-07-22,2010-07-22,2010-08-17,1,1.0,2010-07-22,2010-07-29,7.0
MAS0025,5,Departure,3,0.9999,2010-09-29,2010-09-22,2010-09-22,2010-09-29,2010-10-15,1,1.0,2010-09-29,2010-09-30,8.0
MDH0580,5,Departure,5,0.9999,2011-01-04,2010-05-14,2010-05-14,2010-05-14,2011-03-04,1,2.0,2011-01-04,2011-03-03,293.0
RAR0725,5,Departure,5,0.9999,2010-04-05,2010-04-05,2010-04-05,2010-07-08,2010-09-02,1,2.0,2010-07-06,2010-08-19,136.0
EHD0584,5,Departure,2,0.9998,,2010-10-02,2010-10-02,2010-10-02,2010-10-28,1,1.0,2010-10-02,2010-10-08,6.0
HXL0968,5,Departure,4,0.9998,2010-04-14,2010-05-14,2010-05-19,2010-04-14,2010-10-29,1,2.0,2010-08-31,2010-10-28,162.0
PSF0133,5,Departure,4,0.9998,2010-06-24,2010-08-02,2010-07-22,2010-08-04,2010-09-30,1,2.0,2010-08-02,2010-09-29,69.0
RGG0064,5,Departure,2,0.9998,,2010-10-20,2010-10-20,2010-10-20,2010-11-15,1,1.0,2010-10-20,2010-10-27,7.0
GHL0460,5,Departure,2,0.9997,,2010-11-09,2010-11-09,2010-11-09,2010-11-24,1,1.0,2010-11-09,2010-11-09,0.0
LCC0819,5,Departure,2,0.9997,2010-06-18,2010-06-29,2010-06-18,,2010-08-13,1,2.0,2010-06-16,2010-08-10,53.0
IJM0776,5,Departure,3,0.9996,2010-05-10,2010-06-04,2010-05-14,2010-05-14,2010-09-02,1,2.0,2010-07-06,2010-09-01,110.0
PNL0301,5,Departure,2,0.9996,2010-06-14,2010-06-14,2010-06-16,2010-06-14,2010-08-12,1,2.0,2010-06-14,2010-08-03,48.0
BTL0226,5,Departure,2,0.9995,2010-10-12,2010-10-06,2010-10-06,2010-10-06,2010-11-02,1,1.0,2010-10-06,2010-10-14,8.0
CCL0068,5,Departure,4,0.9995,2010-05-18,2010-05-18,2010-05-18,2010-05-19,2011-02-22,1,2.0,2010-12-27,2011-02-21,279.0
BLS0678,5,Departure,2,0.9994,2010-09-21,2010-09-21,2010-09-21,2010-09-21,2010-10-15,1,1.0,2010-09-21,2010-09-30,9.0
HBO0413,5,Departure,6,0.9993,2010-01-22,2010-01-22,2010-01-22,2010-03-08,2011-04-12,1,2.0,2011-02-14,2011-04-08,441.0
KRL0501,5,Departure,4,0.9993,2010-04-26,2010-04-26,2010-10-20,2010-10-20,2011-01-20,1,2.0,2010-11-22,2011-01-19,91.0
MYD0978,5,Departure,2,0.9993,2010-12-13,2010-12-08,2010-12-08,2010-12-08,2010-12-30,1,1.0,2010-12-13,2010-12-18,10.0
FTM0406,5,Departure,3,0.9991,,2010-11-22,2010-11-22,2010-11-25,2010-12-20,1,1.0,2010-11-25,2010-12-02,10.0
CEJ0109,5,Departure,3,0.9989,2011-02-07,2011-02-07,2011-02-10,,2011-04-05,1,2.0,2011-02-07,2011-04-01,50.0
IKR0401,5,Departure,3,0.9989,2010-12-29,2011-01-12,2011-01-25,2011-01-12,2011-02-21,1,2.0,2010-12-27,2011-02-17,23.0
DIB0285,5,Departure,3,0.9988,2010-07-26,2010-07-26,2010-07-26,2010-08-04,2010-09-22,1,2.0,2010-07-26,2010-09-13,49.0
RMW0542,5,Departure,4,0.9988,2010-01-21,2010-01-26,2010-02-17,2010-01-21,2010-08-19,1,2.0,2010-06-21,2010-08-18,182.0
CQW0652,5,Departure,6,0.9983,2010-02-26,2010-02-26,2010-02-26,2010-04-05,2011-04-18,1,2.0,2011-02-18,2011-04-14,412.0
AJR0932,5,Departure,2,0.9979,,2010-09-10,2010-09-10,2010-09-10,2010-10-07,1,1.0,2010-09-10,2010-09-18,8.0
WDD0366,5,Departure,2,0.9978,2011-02-24,2011-02-24,2011-02-24,2011-02-24,2011-03-22,1,1.0,2011-02-24,2011-03-03,7.0
AAF0535,5,Departure,4,0.9976,2010-06-28,2010-07-01,2010-06-30,2010-07-08,2010-08-24,1,2.0,2010-06-28,2010-08-20,51.0
TAP0551,5,Departure,2,0.9971,,2010-10-23,2010-10-23,2010-10-23,2010-11-18,1,1.0,2010-10-23,2010-10-29,6.0
IUB0565,5,Departure,2,0.9961,2010-10-08,2010-10-08,2010-10-08,2010-10-08,2010-12-03,1,2.0,2010-10-06,2010-11-30,53.0
TNM0961,5,Departure,3,0.9956,2010-10-18,2010-10-18,2010-11-16,2010-11-01,2010-12-13,1,2.0,2010-10-15,2010-12-09,23.0
LJR0523,5,Departure,2,0.9951,2010-08-11,2010-08-05,2010-08-05,2010-08-05,2010-08-26,1,1.0,2010-07-31,2010-08-11,6.0
AAM0658,5,Departure,2,0.994,2010-10-29,2010-10-23,2010-10-23,2010-10-23,2010-11-17,1,1.0,2010-10-23,2010-10-29,6.0
FMG0527,5,Departure,2,0.9922,,2011-01-05,2011-01-05,2011-01-05,2011-01-27,1,1.0,2011-01-05,2011-01-12,7.0
RKD0604,5,Departure,3,0.9902,2010-07-13,2010-07-09,2010-07-09,2010-07-13,2010-08-04,1,1.0,2010-07-13,2010-07-20,11.0
MCF0600,5,Departure,2,0.9896,,2010-09-20,2010-09-20,2010-09-20,2010-10-16,1,1.0,2010-09-20,2010-09-23,3.0
NWT0098,5,Departure,5,0.9894,2010-01-15,2010-01-21,2010-01-21,2010-01-15,2011-04-06,1,2.0,2011-02-07,2011-04-05,439.0
JJM0203,5,Departure,2,0.9871,2010-10-19,2010-10-04,2010-10-04,2010-10-04,2010-10-29,1,2.0,2010-09-02,2010-10-19,15.0
RHL0992,5,Departure,2,0.9834,2010-07-28,2010-07-28,2010-07-28,2010-07-28,2010-09-10,1,2.0,2010-07-13,2010-09-09,43.0
JMB0308,5,Departure,2,0.9817,2010-07-20,2010-07-14,2010-07-14,2010-07-14,2010-08-09,1,1.0,2010-07-14,2010-07-21,7.0
LQC0479,5,Departure,2,0.979,,2010-09-15,2010-09-15,2010-09-15,2010-10-11,1,1.0,2010-09-14,2010-09-22,7.0
RAB0589,5,Departure,2,0.9773,,2010-09-13,2010-09-13,2010-09-13,2010-10-08,1,1.0,2010-09-13,2010-09-23,10.0
ABC0174,5,Departure,3,0.9763,2010-12-01,2010-12-01,2010-12-01,2010-12-11,2010-12-24,1,2.0,2010-10-27,2010-12-24,23.0
KPC0073,5,Departure,2,0.9761,,2010-07-07,2010-07-07,2010-07-07,2010-08-03,1,1.0,2010-07-07,2010-07-15,8.0
XHW0498,5,Departure,4,0.9707,2010-08-10,2010-09-14,2010-09-14,2010-08-10,2010-10-07,1,2.0,2010-08-09,2010-10-06,22.0
DRR0162,5,Departure,4,0.9679,2010-07-15,2010-12-16,2010-12-16,2010-09-15,2011-01-07,1,2.0,2010-11-11,2011-01-04,19.0
BIH0745,5,Departure,2,0.9623,2010-07-13,2010-07-13,2010-07-13,2010-07-13,2010-07-27,1,1.0,2010-07-13,2010-07-13,0.0
MSO0222,5,Departure,2,0.9272,2010-12-09,2010-12-09,2010-12-09,,2010-12-10,1,3.0,2010-12-09,2010-12-10,1.0
PPF0435,5,Departure,2,0.9158,,2011-01-27,2011-01-27,2011-01-27,2011-02-24,1,1.0,2011-02-09,2011-02-09,13.0
JTM0223,5,Departure,2,0.9152,2010-07-22,2010-07-22,2010-07-22,,2010-07-23,1,3.0,2010-07-22,2010-07-23,1.0
AKR0057,5,Departure,2,0.9034,2010-11-16,2010-11-11,2010-11-11,2010-11-11,2010-11-30,1,2.0,2010-10-04,2010-11-29,18.0
JRG0207,5,Departure,2,0.8786,2011-01-20,2011-01-19,2011-01-19,2011-01-19,2011-02-14,1,1.0,2011-01-19,2011-01-26,7.0
BBS0039,5,Departure,2,0.8512,2010-08-12,2010-08-12,2010-08-12,2010-08-12,2010-08-13,1,3.0,2010-08-12,2010-08-13,1.0
CCA0046,5,Departure,3,0.8154,2010-10-14,2010-05-12,2010-05-12,2010-05-12,2010-10-15,1,3.0,2010-10-14,2010-10-15,156.0
BDV0168,5,Departure,2,0.8146,2010-08-06,2010-08-06,2010-08-06,2010-08-06,2010-08-25,1,1.0,2010-07-30,2010-08-10,4.0
FSC0601,5,Departure,3,0.8023,2011-03-02,2010-03-23,2011-03-02,,2011-03-18,1,2.0,2011-01-18,2011-03-17,15.0
AOK0844,5,Departure,4,0.6815,2010-01-26,2010-01-26,2010-10-19,,2011-01-23,0,,,,
FFC0891,5,Departure,2,0.6201,,,2010-09-20,2010-09-20,2010-10-08,0,,,,
HJB0742,5,Departure,2,0.6028,,2010-11-19,2010-11-19,2010-11-19,2010-12-14,1,1.0,2010-11-19,2010-11-25,6.0
JLM0364,5,Departure,2,0.5392,2011-04-28,2011-04-28,2011-04-28,,2011-04-29,1,3.0,2011-04-28,2011-04-29,1.0
KLH0596,5,Departure,2,0.4882,,,,2011-02-12,2011-02-25,1,1.0,2011-02-12,2011-02-12,
JGT0221,5,Departure,2,0.4759,2010-07-15,2010-07-15,2010-07-15,2010-07-16,2010-07-16,1,3.0,2010-07-15,2010-07-16,1.0
MPM0220,5,Departure,1,0.389,2010-11-05,2010-11-05,2010-11-05,2010-11-05,2010-11-05,1,3.0,2010-11-04,2010-11-05,0.0
GTD0219,5,Departure,2,0.2755,,2010-06-14,2010-06-14,,2010-06-18,1,3.0,2010-06-17,2010-06-18,4.0
MOS0047,5,Departure,2,0.2405,,2010-08-19,2010-08-19,2010-08-19,2010-09-10,1,2.0,2010-07-15,2010-09-10,22.0
CSC0217,5,Departure,1,0.2202,,2010-06-11,,2010-06-11,2010-06-11,1,3.0,2010-06-10,2010-06-11,
EIS0041,4,Exfiltration,5,0.9798,2010-07-02,2010-04-20,2010-04-20,2010-08-20,,0,,,,
PMC0328,4,Exfiltration,7,0.9591,2010-02-12,2010-03-31,2010-06-10,2010-06-01,,0,,,,
MBJ0312,4,Exfiltration,4,0.9337,2010-08-05,,2010-05-04,2010-05-04,,0,,,,
FEB0306,4,Exfiltration,6,0.9335,2010-08-16,2010-08-16,2010-08-16,2010-08-25,,0,,,,
JFC0557,4,Exfiltration,4,0.8957,2010-10-13,2010-10-13,2010-10-13,2010-10-13,,0,,,,
NKP0236,4,Exfiltration,1,0.8654,2011-02-07,2011-02-07,2011-02-07,2011-02-07,,0,,,,
SGM0021,4,Exfiltration,8,0.8626,2010-01-28,2010-01-20,2010-01-20,2010-01-28,,0,,,,
DIW0118,4,Exfiltration,5,0.8295,2011-02-22,2010-09-14,2010-09-14,2010-10-11,,0,,,,
VTT0385,4,Exfiltration,1,0.7647,2011-04-21,2011-04-21,2011-04-21,2011-04-21,,0,,,,
IBS0836,4,Exfiltration,1,0.6722,2010-12-08,,,2010-12-08,,0,,,,
BAL0044,4,Exfiltration,1,0.6061,,2011-03-18,2011-03-18,2011-03-18,,0,,,,
GCL0016,4,Exfiltration,2,0.5559,2011-03-22,2011-03-22,2011-03-10,2011-04-01,,0,,,,
CGB0637,4,Exfiltration,4,0.5527,2010-06-08,,2010-06-08,2010-07-21,,0,,,,
HDH0928,4,Exfiltration,2,0.5398,,2010-11-23,2010-01-15,2010-11-23,,0,,,,
OBH0499,4,Exfiltration,1,0.5011,,2010-11-17,2010-11-17,2010-11-17,,0,,,,
JDC0030,4,Exfiltration,1,0.4835,2011-01-28,2011-01-28,2011-01-28,2011-01-28,,0,,,,
SBN0971,4,Exfiltration,1,0.477,2010-07-07,2010-07-07,2010-07-07,2010-07-07,,0,,,,
HDS0367,4,Exfiltration,2,0.4619,,2010-03-16,2010-03-16,2010-03-16,,0,,,,
MTB0620,4,Exfiltration,3,0.4409,2010-11-16,2010-09-14,2010-03-08,2010-03-08,,0,,,,
RAW0915,4,Exfiltration,2,0.4111,,2010-06-20,,2010-06-20,,0,,,,
CTA0020,4,Exfiltration,1,0.3875,2010-10-07,2010-10-07,2010-10-07,2010-10-07,,0,,,,
BIS0247,4,Exfiltration,1,0.2823,2011-04-19,,2011-04-19,2011-04-19,,0,,,,
WIQ0567,4,Exfiltration,2,0.2784,2010-04-07,2011-02-14,,2011-02-14,,0,,,,
RNP0211,4,Exfiltration,2,0.265,2010-08-12,2010-08-12,2010-08-12,2010-08-12,,0,,,,
HAH0760,4,Exfiltration,2,0.2376,,2011-01-17,2011-01-17,2011-04-18,,0,,,,
XAA0104,4,Exfiltration,1,0.2249,,,2011-04-11,2011-04-11,,0,,,,
LJT0817,4,Exfiltration,1,0.2177,,2010-08-11,2010-08-11,2010-08-11,,0,,,,
IBP0883,4,Exfiltration,1,0.213,2010-12-21,2010-12-21,,2010-12-21,,0,,,,
PMV0850,4,Exfiltration,1,0.2,,2010-02-08,,2010-02-08,,0,,,,
AJH0175,3,Staging,3,0.8744,2010-09-14,2010-09-14,2011-02-01,,,0,,,,
NMS0280,3,Staging,5,0.8076,2010-07-19,2010-07-19,2010-02-05,,,0,,,,
SAB0781,3,Staging,1,0.7339,2011-04-12,2011-04-12,2011-04-12,,,0,,,,
KWE0082,3,Staging,1,0.5527,2010-11-15,,2010-11-15,,,0,,,,
AHD0848,3,Staging,1,0.4945,2010-09-16,,2010-09-16,,,0,,,,
JJH0613,3,Staging,1,0.4693,,,2011-04-01,,,0,,,,
GHH0288,3,Staging,1,0.4113,,,2011-05-13,,,0,,,,
AJN0607,3,Staging,1,0.3463,,2010-04-07,2010-04-07,,,0,,,,
CQH0701,3,Staging,2,0.2781,2011-04-05,,2011-04-05,,,0,,,,
ICH0294,3,Staging,1,0.2711,2010-09-29,2010-09-29,2010-09-29,,,0,,,,
CFM0767,3,Staging,2,0.2136,2010-03-11,2010-03-11,2010-03-11,,,0,,,,
OCS0865,3,Staging,1,0.2079,,2010-11-02,2010-11-02,,,0,,,,
GZC0735,0,Normal,0,0.1974,,,,,,0,,,,
HCL0651,0,Normal,0,0.1964,,,,,,0,,,,
NGF0157,0,Normal,0,0.1957,,,,,,0,,,,
JCG0316,0,Normal,0,0.1921,,,,,,0,,,,
DCH0843,0,Normal,0,0.1786,,,,,,1,1.0,2011-02-04,2011-02-04,
RHO0732,0,Normal,0,0.1544,,,,,,0,,,,
BBG0325,0,Normal,0,0.1498,,,,,,0,,,,
VFM0814,0,Normal,0,0.1445,,,,,,0,,,,
RSM0277,0,Normal,0,0.1416,,,,,,0,,,,
WXH0872,0,Normal,0,0.14,,,,,,0,,,,
CAM0681,0,Normal,0,0.1374,,,,,,0,,,,
MKW0441,0,Normal,0,0.1373,,,,,,0,,,,
RSC0089,0,Normal,0,0.1305,,,,,,0,,,,
JBD0616,0,Normal,0,0.1235,,,,,,0,,,,
NGC0058,0,Normal,0,0.1163,,,,,,0,,,,
RVF0201,0,Normal,0,0.1142,,,,,,0,,,,
VCC0396,0,Normal,0,0.1126,,,,,,0,,,,
BVC0790,0,Normal,0,0.1074,,,,,,0,,,,
VSS0154,0,Normal,0,0.1021,,,,,,1,2.0,2010-09-07,2010-10-29,
KCO0122,0,Normal,0,0.1019,,,,,,0,,,,
USH0199,0,Normal,0,0.1018,,,,,,0,,,,
HSB0196,0,Normal,0,0.101,,,,,,0,,,,
SBH0537,0,Normal,0,0.0924,,,,,,0,,,,
HWW0436,0,Normal,0,0.0919,,,,,,0,,,,
DMK0257,0,Normal,0,0.0816,,,,,,0,,,,
MTT0901,0,Normal,0,0.0718,,,,,,0,,,,
AIB0948,0,Normal,0,0.0647,,,,,,0,,,,
JMD0520,0,Normal,0,0.0591,,,,,,0,,,,
AMR0318,0,Normal,0,0.0561,,,,,,0,,,,
OLW0689,0,Normal,0,0.053,,,,,,0,,,,
HAD0246,0,Normal,0,0.0492,,,,,,0,,,,
EMW0772,0,Normal,0,0.0476,,,,,,0,,,,
MVB0515,0,Normal,0,0.0471,,,,,,0,,,,
ATP0662,0,Normal,0,0.0443,,,,,,0,,,,
WKD0013,0,Normal,0,0.0409,,,,,,0,,,,
HVF0067,0,Normal,0,0.0399,,,,,,0,,,,
BRB0355,0,Normal,0,0.0361,,,,,,0,,,,
BWP0202,0,Normal,0,0.0349,,,,,,0,,,,
MPT0376,0,Normal,0,0.0323,,,,,,0,,,,
CPG0322,0,Normal,0,0.0304,,,,,,0,,,,
NDM0417,0,Normal,0,0.029,,,,,,0,,,,
LOM0086,0,Normal,0,0.0286,,,,,,0,,,,
JMK0099,0,Normal,0,0.0278,,,,,,0,,,,
FAW0032,0,Normal,0,0.0253,,,,,,0,,,,
JCR0172,0,Normal,0,0.0248,,,,,,0,,,,
JCC0225,0,Normal,0,0.0247,,,,,,0,,,,
AVM0947,0,Normal,0,0.0243,,,,,,0,,,,
SLB0049,0,Normal,0,0.0241,,,,,,0,,,,
IBB0696,0,Normal,0,0.0232,,,,,,0,,,,
IBM0671,0,Normal,0,0.0217,,,,,,0,,,,
AIS0405,0,Normal,0,0.021,,,,,,0,,,,
JJB0700,0,Normal,0,0.0202,,,,,,0,,,,
LIM0674,0,Normal,0,0.0202,,,,,,0,,,,
ATE0869,0,Normal,0,0.0201,,,,,,0,,,,
MLM0950,0,Normal,0,0.02,,,,,,0,,,,
ILJ0526,0,Normal,0,0.0184,,,,,,0,,,,
JAV0361,0,Normal,0,0.0184,,,,,,0,,,,
LCB0664,0,Normal,0,0.0166,,,,,,0,,,,
RDT0424,0,Normal,0,0.0162,,,,,,0,,,,
UIR0043,0,Normal,0,0.0161,,,,,,0,,,,
RUM0880,0,Normal,0,0.0151,,,,,,0,,,,
MSH0040,0,Normal,0,0.0148,,,,,,0,,,,
BRM0995,0,Normal,0,0.0141,,,,,,0,,,,
HTH0007,0,Normal,0,0.0141,,,,,,0,,,,
MAW0166,0,Normal,0,0.0137,,,,,,0,,,,
EWH0191,0,Normal,0,0.0136,,,,,,0,,,,
VMJ0546,0,Normal,0,0.0135,,,,,,0,,,,
LRR0148,0,Normal,0,0.0133,,,,,,0,,,,
FBA0348,0,Normal,0,0.0129,,,,,,0,,,,
MJB0588,0,Normal,0,0.0129,,,,,,0,,,,
KCF0045,0,Normal,0,0.0128,,,,,,0,,,,
TVS0050,0,Normal,0,0.0128,,,,,,0,,,,
CCM0136,0,Normal,0,0.0124,,,,,,0,,,,
PKB0281,0,Normal,0,0.0121,,,,,,0,,,,
MDM0625,0,Normal,0,0.0118,,,,,,0,,,,
DPM0423,0,Normal,0,0.0114,,,,,,0,,,,
IBB0359,0,Normal,0,0.0114,,,,,,0,,,,
KCS0173,0,Normal,0,0.0114,,,,,,0,,,,
KJJ0293,0,Normal,0,0.0109,,,,,,0,,,,
KKW0879,0,Normal,0,0.0109,,,,,,0,,,,
TEM0977,0,Normal,0,0.0105,,,,,,0,,,,
CKH0144,0,Normal,0,0.0102,,,,,,0,,,,
DAL0673,0,Normal,0,0.0102,,,,,,0,,,,
IKP0472,0,Normal,0,0.0101,,,,,,0,,,,
KMW0545,0,Normal,0,0.01,,,,,,0,,,,
QOS0878,0,Normal,0,0.0099,,,,,,0,,,,
FKK0055,0,Normal,0,0.0095,,,,,,0,,,,
BJH0354,0,Normal,0,0.0092,,,,,,0,,,,
HCS0003,0,Normal,0,0.0088,,,,,,0,,,,
QNP0216,0,Normal,0,0.0086,,,,,,0,,,,
AMW0392,0,Normal,0,0.0082,,,,,,0,,,,
KBG0549,0,Normal,0,0.008,,,,,,0,,,,
JFC0757,0,Normal,0,0.0078,,,,,,0,,,,
JTS0389,0,Normal,0,0.0078,,,,,,0,,,,
ESH0283,0,Normal,0,0.0077,,,,,,0,,,,
JDB0169,0,Normal,0,0.0076,,,,,,0,,,,
JLW0053,0,Normal,0,0.0072,,,,,,0,,,,
LBF0214,0,Normal,0,0.0072,,,,,,0,,,,
BTR0403,0,Normal,0,0.007,,,,,,0,,,,
TAC0300,0,Normal,0,0.0066,,,,,,0,,,,
CJF0802,0,Normal,0,0.0061,,,,,,0,,,,
CIM0926,0,Normal,0,0.006,,,,,,0,,,,
ILH0958,0,Normal,0,0.0059,,,,,,0,,,,
TVS0006,0,Normal,0,0.0057,,,,,,0,,,,
CAB0614,0,Normal,0,0.0056,,,,,,0,,,,
DBS0235,0,Normal,0,0.0056,,,,,,0,,,,
LBC0356,0,Normal,0,0.0056,,,,,,0,,,,
CWR0502,0,Normal,0,0.0053,,,,,,0,,,,
SJO0209,0,Normal,0,0.0053,,,,,,0,,,,
XWD0923,0,Normal,0,0.0051,,,,,,0,,,,
CJM0138,0,Normal,0,0.005,,,,,,0,,,,
RTO0313,0,Normal,0,0.0048,,,,,,0,,,,
SMY0792,0,Normal,0,0.0044,,,,,,0,,,,
NAF0326,0,Normal,0,0.0043,,,,,,0,,,,
DFR0218,0,Normal,0,0.0042,,,,,,0,,,,
DJS0682,0,Normal,0,0.0041,,,,,,0,,,,
DTP0379,0,Normal,0,0.004,,,,,,0,,,,
MIC0726,0,Normal,0,0.004,,,,,,0,,,,
PEV0323,0,Normal,0,0.004,,,,,,0,,,,
ESR0693,0,Normal,0,0.0039,,,,,,0,,,,
IRM0931,0,Normal,0,0.0039,,,,,,0,,,,
LRW0970,0,Normal,0,0.0038,,,,,,0,,,,
NAH0503,0,Normal,0,0.0038,,,,,,0,,,,
WKF0012,0,Normal,0,0.0038,,,,,,0,,,,
RRP0568,0,Normal,0,0.0036,,,,,,0,,,,
WLV0566,0,Normal,0,0.0036,,,,,,0,,,,
QJR0688,0,Normal,0,0.0035,,,,,,0,,,,
BAH0875,0,Normal,0,0.0034,,,,,,0,,,,
KJP0371,0,Normal,0,0.0034,,,,,,0,,,,
PDH0716,0,Normal,0,0.0032,,,,,,0,,,,
JHP0583,0,Normal,0,0.0031,,,,,,0,,,,
SAH0599,0,Normal,0,0.003,,,,,,0,,,,
WDO0870,0,Normal,0,0.003,,,,,,0,,,,
CMB0912,0,Normal,0,0.0029,,,,,,0,,,,
TLK0993,0,Normal,0,0.0029,,,,,,0,,,,
EMW0105,0,Normal,0,0.0028,,,,,,0,,,,
HDD0789,0,Normal,0,0.0028,,,,,,0,,,,
SCF0608,0,Normal,0,0.0028,,,,,,0,,,,
AAE0190,0,Normal,0,0.0027,,,,,,0,,,,
AMR0400,0,Normal,0,0.0027,,,,,,0,,,,
APG0307,0,Normal,0,0.0027,,,,,,0,,,,
CSB0080,0,Normal,0,0.0027,,,,,,0,,,,
ECL0930,0,Normal,0,0.0027,,,,,,0,,,,
AJD0074,0,Normal,0,0.0026,,,,,,0,,,,
HCM0267,0,Normal,0,0.0026,,,,,,0,,,,
KSP0966,0,Normal,0,0.0026,,,,,,0,,,,
WVB0539,0,Normal,0,0.0026,,,,,,0,,,,
KBB0189,0,Normal,0,0.0025,,,,,,0,,,,
TQS0212,0,Normal,0,0.0025,,,,,,0,,,,
CCC0393,0,Normal,0,0.0024,,,,,,0,,,,
JGM0934,0,Normal,0,0.0024,,,,,,0,,,,
AMJ0297,0,Normal,0,0.0023,,,,,,0,,,,
SOB0360,0,Normal,0,0.0023,,,,,,0,,,,
FWM0707,0,Normal,0,0.0022,,,,,,0,,,,
JRS0362,0,Normal,0,0.0022,,,,,,0,,,,
TDG0962,0,Normal,0,0.0022,,,,,,0,,,,
HFB0347,0,Normal,0,0.0021,,,,,,0,,,,
MLD0755,0,Normal,0,0.0021,,,,,,0,,,,
MNS0224,0,Normal,0,0.0021,,,,,,0,,,,
SAA0999,0,Normal,0,0.0021,,,,,,0,,,,
TLM0797,0,Normal,0,0.0021,,,,,,0,,,,
CHG0146,0,Normal,0,0.002,,,,,,0,,,,
IIL0513,0,Normal,0,0.002,,,,,,0,,,,
LAF0991,0,Normal,0,0.002,,,,,,0,,,,
SDB0106,0,Normal,0,0.002,,,,,,0,,,,
IIW0249,0,Normal,0,0.0019,,,,,,0,,,,
AJF0370,0,Normal,0,0.0018,,,,,,0,,,,
JNA0559,0,Normal,0,0.0018,,,,,,0,,,,
JOM0750,0,Normal,0,0.0018,,,,,,0,,,,
BMM0112,0,Normal,0,0.0017,,,,,,0,,,,
BTS0011,0,Normal,0,0.0017,,,,,,0,,,,
DAG0558,0,Normal,0,0.0017,,,,,,0,,,,
ILR0304,0,Normal,0,0.0017,,,,,,0,,,,
JDF0593,0,Normal,0,0.0017,,,,,,0,,,,
TSR0676,0,Normal,0,0.0017,,,,,,0,,,,
UAD0771,0,Normal,0,0.0017,,,,,,0,,,,
WSR0241,0,Normal,0,0.0017,,,,,,0,,,,
JIM0095,0,Normal,0,0.0016,,,,,,0,,,,
SSR0278,0,Normal,0,0.0016,,,,,,0,,,,
TSM0363,0,Normal,0,0.0016,,,,,,0,,,,
AJC0840,0,Normal,0,0.0015,,,,,,0,,,,
BKW0374,0,Normal,0,0.0015,,,,,,0,,,,
LHN0151,0,Normal,0,0.0015,,,,,,0,,,,
OHC0973,0,Normal,0,0.0015,,,,,,0,,,,
SER0165,0,Normal,0,0.0015,,,,,,0,,,,
CAM0102,0,Normal,0,0.0014,,,,,,0,,,,
SHW0578,0,Normal,0,0.0014,,,,,,0,,,,
BJH0811,0,Normal,0,0.0013,,,,,,0,,,,
GRM0868,0,Normal,0,0.0013,,,,,,0,,,,
IMB0481,0,Normal,0,0.0013,,,,,,0,,,,
KRV0372,0,Normal,0,0.0013,,,,,,0,,,,
MGS0974,0,Normal,0,0.0013,,,,,,0,,,,
MOH0273,0,Normal,0,0.0013,,,,,,0,,,,
ONL0276,0,Normal,0,0.0013,,,,,,0,,,,
SAC0687,0,Normal,0,0.0013,,,,,,0,,,,
SOF0808,0,Normal,0,0.0013,,,,,,0,,,,
SRS0231,0,Normal,0,0.0013,,,,,,0,,,,
TDS0984,0,Normal,0,0.0013,,,,,,0,,,,
AMM0014,0,Normal,0,0.0012,,,,,,0,,,,
BTL0722,0,Normal,0,0.0012,,,,,,0,,,,
CEL0561,0,Normal,0,0.0012,,,,,,0,,,,
CIG0052,0,Normal,0,0.0012,,,,,,0,,,,
EHB0420,0,Normal,0,0.0012,,,,,,0,,,,
HCL0113,0,Normal,0,0.0012,,,,,,0,,,,
JPA0667,0,Normal,0,0.0012,,,,,,0,,,,
KAT0270,0,Normal,0,0.0012,,,,,,0,,,,
KCB0815,0,Normal,0,0.0012,,,,,,0,,,,
LDB0090,0,Normal,0,0.0012,,,,,,0,,,,
MFV0897,0,Normal,0,0.0012,,,,,,0,,,,
RNL0695,0,Normal,0,0.0012,,,,,,0,,,,
TTD1000,0,Normal,0,0.0012,,,,,,0,,,,
AJL0462,0,Normal,0,0.0011,,,,,,0,,,,
ASG0048,0,Normal,0,0.0011,,,,,,0,,,,
BNR0965,0,Normal,0,0.0011,,,,,,0,,,,
EPW0434,0,Normal,0,0.0011,,,,,,0,,,,
JRL0574,0,Normal,0,0.0011,,,,,,0,,,,
MDM0976,0,Normal,0,0.0011,,,,,,0,,,,
MVF0594,0,Normal,0,0.0011,,,,,,0,,,,
TJD0996,0,Normal,0,0.0011,,,,,,0,,,,
TPH0474,0,Normal,0,0.0011,,,,,,0,,,,
AHC0142,0,Normal,0,0.001,,,,,,0,,,,
ASG0692,0,Normal,0,0.001,,,,,,0,,,,
BBS0422,0,Normal,0,0.001,,,,,,0,,,,
BER0314,0,Normal,0,0.001,,,,,,0,,,,
CRK0916,0,Normal,0,0.001,,,,,,0,,,,
DSM0591,0,Normal,0,0.001,,,,,,0,,,,
GDF0704,0,Normal,0,0.001,,,,,,0,,,,
HAV0121,0,Normal,0,0.001,,,,,,0,,,,
HBB0056,0,Normal,0,0.001,,,,,,0,,,,
JSH0330,0,Normal,0,0.001,,,,,,0,,,,
KJG0910,0,Normal,0,0.001,,,,,,0,,,,
KMB0922,0,Normal,0,0.001,,,,,,0,,,,
KWC0004,0,Normal,0,0.001,,,,,,0,,,,
MKG0711,0,Normal,0,0.001,,,,,,0,,,,
MLL0598,0,Normal,0,0.001,,,,,,0,,,,
NAB0903,0,Normal,0,0.001,,,,,,0,,,,
PTH0552,0,Normal,0,0.001,,,,,,0,,,,
CBG0490,0,Normal,0,0.0009,,,,,,0,,,,
CCW0031,0,Normal,0,0.0009,,,,,,0,,,,
CTR0341,0,Normal,0,0.0009,,,,,,0,,,,
EHR0096,0,Normal,0,0.0009,,,,,,0,,,,
JKB0126,0,Normal,0,0.0009,,,,,,0,,,,
LTS0860,0,Normal,0,0.0009,,,,,,0,,,,
MHA0798,0,Normal,0,0.0009,,,,,,0,,,,
NGO0690,0,Normal,0,0.0009,,,,,,0,,,,
THR0873,0,Normal,0,0.0009,,,,,,0,,,,
TSB0437,0,Normal,0,0.0009,,,,,,0,,,,
WBC0192,0,Normal,0,0.0009,,,,,,0,,,,
ADD0846,0,Normal,0,0.0008,,,,,,0,,,,
ASM0575,0,Normal,0,0.0008,,,,,,0,,,,
CBB0365,0,Normal,0,0.0008,,,,,,0,,,,
CJH0702,0,Normal,0,0.0008,,,,,,0,,,,
CWB0065,0,Normal,0,0.0008,,,,,,0,,,,
FGW0853,0,Normal,0,0.0008,,,,,,0,,,,
GMF0738,0,Normal,0,0.0008,,,,,,0,,,,
IJR0825,0,Normal,0,0.0008,,,,,,0,,,,
JCV0245,0,Normal,0,0.0008,,,,,,0,,,,
LFS0071,0,Normal,0,0.0008,,,,,,0,,,,
LHB0967,0,Normal,0,0.0008,,,,,,0,,,,
MKS0204,0,Normal,0,0.0008,,,,,,0,,,,
NLO0131,0,Normal,0,0.0008,,,,,,0,,,,
NMB0972,0,Normal,0,0.0008,,,,,,0,,,,
PMJ0564,0,Normal,0,0.0008,,,,,,0,,,,
VIA0063,0,Normal,0,0.0008,,,,,,0,,,,
VSA0230,0,Normal,0,0.0008,,,,,,0,,,,
WDV0573,0,Normal,0,0.0008,,,,,,0,,,,
WPE0538,0,Normal,0,0.0008,,,,,,0,,,,
ALD0529,0,Normal,0,0.0007,,,,,,0,,,,
BBH0810,0,Normal,0,0.0007,,,,,,0,,,,
ENL0100,0,Normal,0,0.0007,,,,,,0,,,,
FDE0117,0,Normal,0,0.0007,,,,,,0,,,,
GQP0743,0,Normal,0,0.0007,,,,,,0,,,,
HCV0478,0,Normal,0,0.0007,,,,,,0,,,,
KKS0119,0,Normal,0,0.0007,,,,,,0,,,,
LAM0911,0,Normal,0,0.0007,,,,,,0,,,,
OKC0107,0,Normal,0,0.0007,,,,,,0,,,,
QRM0739,0,Normal,0,0.0007,,,,,,0,,,,
RLG0856,0,Normal,0,0.0007,,,,,,0,,,,
SCP0130,0,Normal,0,0.0007,,,,,,0,,,,
SXM0895,0,Normal,0,0.0007,,,,,,0,,,,
UCS0227,0,Normal,0,0.0007,,,,,,0,,,,
ZSL0305,0,Normal,0,0.0007,,,,,,0,,,,
BMT0528,0,Normal,0,0.0006,,,,,,0,,,,
BTW0005,0,Normal,0,0.0006,,,,,,0,,,,
BWH0813,0,Normal,0,0.0006,,,,,,0,,,,
CJM0521,0,Normal,0,0.0006,,,,,,0,,,,
CRP0456,0,Normal,0,0.0006,,,,,,0,,,,
DDM0579,0,Normal,0,0.0006,,,,,,0,,,,
GCG0951,0,Normal,0,0.0006,,,,,,0,,,,
GCS0571,0,Normal,0,0.0006,,,,,,0,,,,
HAC0282,0,Normal,0,0.0006,,,,,,0,,,,
HDL0748,0,Normal,0,0.0006,,,,,,0,,,,
JER0404,0,Normal,0,0.0006,,,,,,0,,,,
LJJ0905,0,Normal,0,0.0006,,,,,,0,,,,
SBN0866,0,Normal,0,0.0006,,,,,,0,,,,
SBQ0786,0,Normal,0,0.0006,,,,,,0,,,,
SPA0141,0,Normal,0,0.0006,,,,,,0,,,,
WJD0576,0,Normal,0,0.0006,,,,,,0,,,,
WPR0368,0,Normal,0,0.0006,,,,,,0,,,,
ACC0042,0,Normal,0,0.0005,,,,,,0,,,,
AIH0675,0,Normal,0,0.0005,,,,,,0,,,,
CLS0296,0,Normal,0,0.0005,,,,,,0,,,,
GRC0145,0,Normal,0,0.0005,,,,,,0,,,,
HGG0240,0,Normal,0,0.0005,,,,,,0,,,,
HMW0713,0,Normal,0,0.0005,,,,,,0,,,,
HPH0075,0,Normal,0,0.0005,,,,,,0,,,,
HRB0351,0,Normal,0,0.0005,,,,,,0,,,,
HRL0540,0,Normal,0,0.0005,,,,,,0,,,,
HSP0290,0,Normal,0,0.0005,,,,,,0,,,,
HWY0038,0,Normal,0,0.0005,,,,,,0,,,,
IJM0444,0,Normal,0,0.0005,,,,,,0,,,,
JNJ0556,0,Normal,0,0.0005,,,,,,0,,,,
KBP0008,0,Normal,0,0.0005,,,,,,0,,,,
LDG0459,0,Normal,0,0.0005,,,,,,0,,,,
MBR0724,0,Normal,0,0.0005,,,,,,0,,,,
MSS0001,0,Normal,0,0.0005,,,,,,0,,,,
NCK0295,0,Normal,0,0.0005,,,,,,0,,,,
NMF0780,0,Normal,0,0.0005,,,,,,0,,,,
NWK0215,0,Normal,0,0.0005,,,,,,0,,,,
OJK0233,0,Normal,0,0.0005,,,,,,0,,,,
PLH0715,0,Normal,0,0.0005,,,,,,0,,,,
RAH0440,0,Normal,0,0.0005,,,,,,0,,,,
SKG0759,0,Normal,0,0.0005,,,,,,0,,,,
SOB0586,0,Normal,0,0.0005,,,,,,0,,,,
SRH0155,0,Normal,0,0.0005,,,,,,0,,,,
WNB0908,0,Normal,0,0.0005,,,,,,0,,,,
YDN0198,0,Normal,0,0.0005,,,,,,0,,,,
ZSK0258,0,Normal,0,0.0005,,,,,,0,,,,
AKW0167,0,Normal,0,0.0004,,,,,,0,,,,
AMH0464,0,Normal,0,0.0004,,,,,,0,,,,
ARA0252,0,Normal,0,0.0004,,,,,,0,,,,
BDI0533,0,Normal,0,0.0004,,,,,,0,,,,
BHW0458,0,Normal,0,0.0004,,,,,,0,,,,
BMG0917,0,Normal,0,0.0004,,,,,,0,,,,
CAN0842,0,Normal,0,0.0004,,,,,,0,,,,
CHM0821,0,Normal,0,0.0004,,,,,,0,,,,
CIM0271,0,Normal,0,0.0004,,,,,,0,,,,
CKB0482,0,Normal,0,0.0004,,,,,,0,,,,
CLD0894,0,Normal,0,0.0004,,,,,,0,,,,
HGN0287,0,Normal,0,0.0004,,,,,,0,,,,
HPR0585,0,Normal,0,0.0004,,,,,,0,,,,
KBL0260,0,Normal,0,0.0004,,,,,,0,,,,
LDD0560,0,Normal,0,0.0004,,,,,,0,,,,
LEM0605,0,Normal,0,0.0004,,,,,,0,,,,
LLV0602,0,Normal,0,0.0004,,,,,,0,,,,
LOF0311,0,Normal,0,0.0004,,,,,,0,,,,
MSG0839,0,Normal,0,0.0004,,,,,,0,,,,
NRD0548,0,Normal,0,0.0004,,,,,,0,,,,
OMM0944,0,Normal,0,0.0004,,,,,,0,,,,
PGC0066,0,Normal,0,0.0004,,,,,,0,,,,
PID0426,0,Normal,0,0.0004,,,,,,0,,,,
PRM0740,0,Normal,0,0.0004,,,,,,0,,,,
RAG0275,0,Normal,0,0.0004,,,,,,0,,,,
RCC0617,0,Normal,0,0.0004,,,,,,0,,,,
RHP0484,0,Normal,0,0.0004,,,,,,0,,,,
SAK0375,0,Normal,0,0.0004,,,,,,0,,,,
SED0886,0,Normal,0,0.0004,,,,,,0,,,,
SSJ0784,0,Normal,0,0.0004,,,,,,0,,,,
SVL0803,0,Normal,0,0.0004,,,,,,0,,,,
TBT0461,0,Normal,0,0.0004,,,,,,0,,,,
TYB0779,0,Normal,0,0.0004,,,,,,0,,,,
AAV0450,0,Normal,0,0.0003,,,,,,0,,,,
ABH0663,0,Normal,0,0.0003,,,,,,0,,,,
ABN0239,0,Normal,0,0.0003,,,,,,0,,,,
AIP0394,0,Normal,0,0.0003,,,,,,0,,,,
AIP0982,0,Normal,0,0.0003,,,,,,0,,,,
AJR0319,0,Normal,0,0.0003,,,,,,0,,,,
AKC0924,0,Normal,0,0.0003,,,,,,0,,,,
ALH0402,0,Normal,0,0.0003,,,,,,0,,,,
BHC0665,0,Normal,0,0.0003,,,,,,0,,,,
BJW0619,0,Normal,0,0.0003,,,,,,0,,,,
BSB0990,0,Normal,0,0.0003,,,,,,0,,,,
BXJ0010,0,Normal,0,0.0003,,,,,,0,,,,
CBG0398,0,Normal,0,0.0003,,,,,,0,,,,
CCR0863,0,Normal,0,0.0003,,,,,,0,,,,
CCW0524,0,Normal,0,0.0003,,,,,,0,,,,
CJC0494,0,Normal,0,0.0003,,,,,,0,,,,
CKP0721,0,Normal,0,0.0003,,,,,,0,,,,
CMM0487,0,Normal,0,0.0003,,,,,,0,,,,
COF0120,0,Normal,0,0.0003,,,,,,0,,,,
CRO0027,0,Normal,0,0.0003,,,,,,0,,,,
CTR0697,0,Normal,0,0.0003,,,,,,0,,,,
DJB0159,0,Normal,0,0.0003,,,,,,0,,,,
DOL0332,0,Normal,0,0.0003,,,,,,0,,,,
DPS0262,0,Normal,0,0.0003,,,,,,0,,,,
DZC0228,0,Normal,0,0.0003,,,,,,0,,,,
EJW0884,0,Normal,0,0.0003,,,,,,0,,,,
FHO0630,0,Normal,0,0.0003,,,,,,0,,,,
FKB0163,0,Normal,0,0.0003,,,,,,0,,,,
FUM0015,0,Normal,0,0.0003,,,,,,0,,,,
GOK0238,0,Normal,0,0.0003,,,,,,0,,,,
IYB0918,0,Normal,0,0.0003,,,,,,0,,,,
JBM0350,0,Normal,0,0.0003,,,,,,0,,,,
JCW0858,0,Normal,0,0.0003,,,,,,0,,,,
JMC0925,0,Normal,0,0.0003,,,,,,0,,,,
JXH0493,0,Normal,0,0.0003,,,,,,0,,,,
KRL0062,0,Normal,0,0.0003,,,,,,0,,,,
LDM0587,0,Normal,0,0.0003,,,,,,0,,,,
LHL0309,0,Normal,0,0.0003,,,,,,0,,,,
LMF0980,0,Normal,0,0.0003,,,,,,0,,,,
MAH0149,0,Normal,0,0.0003,,,,,,0,,,,
MAH0864,0,Normal,0,0.0003,,,,,,0,,,,
NAF0033,0,Normal,0,0.0003,,,,,,0,,,,
NCH0179,0,Normal,0,0.0003,,,,,,0,,,,
NCO0666,0,Normal,0,0.0003,,,,,,0,,,,
NNS0059,0,Normal,0,0.0003,,,,,,0,,,,
NOB0181,0,Normal,0,0.0003,,,,,,0,,,,
OKB0439,0,Normal,0,0.0003,,,,,,0,,,,
PES0085,0,Normal,0,0.0003,,,,,,0,,,,
QNF0205,0,Normal,0,0.0003,,,,,,0,,,,
QSV0778,0,Normal,0,0.0003,,,,,,0,,,,
RCP0785,0,Normal,0,0.0003,,,,,,0,,,,
RLB0719,0,Normal,0,0.0003,,,,,,0,,,,
SEJ0677,0,Normal,0,0.0003,,,,,,0,,,,
SMB0804,0,Normal,0,0.0003,,,,,,0,,,,
TDJ0998,0,Normal,0,0.0003,,,,,,0,,,,
UJC0737,0,Normal,0,0.0003,,,,,,0,,,,
VMJ0147,0,Normal,0,0.0003,,,,,,0,,,,
WAB0143,0,Normal,0,0.0003,,,,,,0,,,,
WAS0254,0,Normal,0,0.0003,,,,,,0,,,,
WBC0315,0,Normal,0,0.0003,,,,,,0,,,,
ZCF0590,0,Normal,0,0.0003,,,,,,0,,,,
AAF0791,0,Normal,0,0.0002,,,,,,0,,,,
ACV0812,0,Normal,0,0.0002,,,,,,0,,,,
AIM0627,0,Normal,0,0.0002,,,,,,0,,,,
AMD0077,0,Normal,0,0.0002,,,,,,0,,,,
ASB0796,0,Normal,0,0.0002,,,,,,0,,,,
ASD0577,0,Normal,0,0.0002,,,,,,0,,,,
ASS0517,0,Normal,0,0.0002,,,,,,0,,,,
AWM0764,0,Normal,0,0.0002,,,,,,0,,,,
BAM0611,0,Normal,0,0.0002,,,,,,0,,,,
BJP0134,0,Normal,0,0.0002,,,,,,0,,,,
BMC0547,0,Normal,0,0.0002,,,,,,0,,,,
BMS0877,0,Normal,0,0.0002,,,,,,0,,,,
BSS0369,0,Normal,0,0.0002,,,,,,1,3.0,2010-09-30,2010-10-01,
BTN0061,0,Normal,0,0.0002,,,,,,0,,,,
CFW0264,0,Normal,0,0.0002,,,,,,0,,,,
CGA0629,0,Normal,0,0.0002,,,,,,0,,,,
CLB0774,0,Normal,0,0.0002,,,,,,0,,,,
CNB0900,0,Normal,0,0.0002,,,,,,0,,,,
CRD0624,0,Normal,0,0.0002,,,,,,0,,,,
CSH0626,0,Normal,0,0.0002,,,,,,0,,,,
DBW0483,0,Normal,0,0.0002,,,,,,0,,,,
DFH0188,0,Normal,0,0.0002,,,,,,0,,,,
DLH0029,0,Normal,0,0.0002,,,,,,0,,,,
DLS0383,0,Normal,0,0.0002,,,,,,0,,,,
DMG0358,0,Normal,0,0.0002,,,,,,0,,,,
DSB0731,0,Normal,0,0.0002,,,,,,0,,,,
EBC0390,0,Normal,0,0.0002,,,,,,0,,,,
EGK0893,0,Normal,0,0.0002,,,,,,0,,,,
EZH0736,0,Normal,0,0.0002,,,,,,0,,,,
FBW0747,0,Normal,0,0.0002,,,,,,0,,,,
FIR0920,0,Normal,0,0.0002,,,,,,0,,,,
GNS0178,0,Normal,0,0.0002,,,,,,0,,,,
HKI0171,0,Normal,0,0.0002,,,,,,0,,,,
HOB0994,0,Normal,0,0.0002,,,,,,0,,,,
ICS0956,0,Normal,0,0.0002,,,,,,0,,,,
IMG0320,0,Normal,0,0.0002,,,,,,0,,,,
IUY0279,0,Normal,0,0.0002,,,,,,0,,,,
IWM0816,0,Normal,0,0.0002,,,,,,0,,,,
JJB0127,0,Normal,0,0.0002,,,,,,0,,,,
JJH0292,0,Normal,0,0.0002,,,,,,0,,,,
JKM0303,0,Normal,0,0.0002,,,,,,0,,,,
JOL0024,0,Normal,0,0.0002,,,,,,0,,,,
JPW0741,0,Normal,0,0.0002,,,,,,0,,,,
KAC0124,0,Normal,0,0.0002,,,,,,0,,,,
KAL0395,0,Normal,0,0.0002,,,,,,0,,,,
KAT0489,0,Normal,0,0.0002,,,,,,0,,,,
KDS0349,0,Normal,0,0.0002,,,,,,0,,,,
KKC0683,0,Normal,0,0.0002,,,,,,0,,,,
KNW0644,0,Normal,0,0.0002,,,,,,0,,,,
KVS0425,0,Normal,0,0.0002,,,,,,0,,,,
MCJ0324,0,Normal,0,0.0002,,,,,,0,,,,
MCT0720,0,Normal,0,0.0002,,,,,,0,,,,
MDH0686,0,Normal,0,0.0002,,,,,,0,,,,
MES0407,0,Normal,0,0.0002,,,,,,0,,,,
MJS0890,0,Normal,0,0.0002,,,,,,0,,,,
MKL0941,0,Normal,0,0.0002,,,,,,0,,,,
MKP0861,0,Normal,0,0.0002,,,,,,0,,,,
MMB0488,0,Normal,0,0.0002,,,,,,0,,,,
NAB0801,0,Normal,0,0.0002,,,,,,0,,,,
NBC0412,0,Normal,0,0.0002,,,,,,0,,,,
NMC0486,0,Normal,0,0.0002,,,,,,0,,,,
NRF0137,0,Normal,0,0.0002,,,,,,0,,,,
NRO0768,0,Normal,0,0.0002,,,,,,0,,,,
OCB0805,0,Normal,0,0.0002,,,,,,0,,,,
OSH0655,0,Normal,0,0.0002,,,,,,0,,,,
OYM0026,0,Normal,0,0.0002,,,,,,0,,,,
PAD0773,0,Normal,0,0.0002,,,,,,0,,,,
PLH0862,0,Normal,0,0.0002,,,,,,0,,,,
RYB0718,0,Normal,0,0.0002,,,,,,0,,,,
RZC0746,0,Normal,0,0.0002,,,,,,0,,,,
SBK0161,0,Normal,0,0.0002,,,,,,0,,,,
SCB0534,0,Normal,0,0.0002,,,,,,0,,,,
SGB0140,0,Normal,0,0.0002,,,,,,0,,,,
SIJ0661,0,Normal,0,0.0002,,,,,,0,,,,
THD0448,0,Normal,0,0.0002,,,,,,0,,,,
TJB0302,0,Normal,0,0.0002,,,,,,0,,,,
TOR0193,0,Normal,0,0.0002,,,,,,0,,,,
TSM0927,0,Normal,0,0.0002,,,,,,0,,,,
UFK0208,0,Normal,0,0.0002,,,,,,0,,,,
WGR0833,0,Normal,0,0.0002,,,,,,0,,,,
WGS0516,0,Normal,0,0.0002,,,,,,0,,,,
WRM0963,0,Normal,0,0.0002,,,,,,0,,,,
XHG0902,0,Normal,0,0.0002,,,,,,0,,,,
ZFM0468,0,Normal,0,0.0002,,,,,,0,,,,
ZMC0284,0,Normal,0,0.0002,,,,,,0,,,,
AAN0823,0,Normal,0,0.0001,,,,,,0,,,,
ABC0253,0,Normal,0,0.0001,,,,,,0,,,,
ADF0397,0,Normal,0,0.0001,,,,,,0,,,,
AES0827,0,Normal,0,0.0001,,,,,,0,,,,
AGB0643,0,Normal,0,0.0001,,,,,,0,,,,
AJP0723,0,Normal,0,0.0001,,,,,,0,,,,
AKF0709,0,Normal,0,0.0001,,,,,,0,,,,
AKH0758,0,Normal,0,0.0001,,,,,,0,,,,
AKK0329,0,Normal,0,0.0001,,,,,,0,,,,
ALB0892,0,Normal,0,0.0001,,,,,,0,,,,
ALC0788,0,Normal,0,0.0001,,,,,,0,,,,
ANM0123,0,Normal,0,0.0001,,,,,,0,,,,
AOB0019,0,Normal,0,0.0001,,,,,,0,,,,
AQD0820,0,Normal,0,0.0001,,,,,,0,,,,
ARB0881,0,Normal,0,0.0001,,,,,,0,,,,
ASS0206,0,Normal,0,0.0001,,,,,,0,,,,
BAJ0654,0,Normal,0,0.0001,,,,,,0,,,,
BAK0964,0,Normal,0,0.0001,,,,,,0,,,,
BDB0453,0,Normal,0,0.0001,,,,,,0,,,,
BEC0505,0,Normal,0,0.0001,,,,,,0,,,,
BEH0615,0,Normal,0,0.0001,,,,,,0,,,,
BJM0111,0,Normal,0,0.0001,,,,,,0,,,,
BLB0114,0,Normal,0,0.0001,,,,,,0,,,,
BLL0929,0,Normal,0,0.0001,,,,,,0,,,,
BNG0237,0,Normal,0,0.0001,,,,,,0,,,,
BQS0525,0,Normal,0,0.0001,,,,,,0,,,,
BSA0431,0,Normal,0,0.0001,,,,,,0,,,,
BVN0514,0,Normal,0,0.0001,,,,,,0,,,,
CAA0612,0,Normal,0,0.0001,,,,,,0,,,,
CAB0388,0,Normal,0,0.0001,,,,,,0,,,,
CCH0182,0,Normal,0,0.0001,,,,,,0,,,,
CCM0855,0,Normal,0,0.0001,,,,,,0,,,,
CJP0952,0,Normal,0,0.0001,,,,,,0,,,,
CJV0286,0,Normal,0,0.0001,,,,,,0,,,,
CLH0703,0,Normal,0,0.0001,,,,,,0,,,,
CMS0454,0,Normal,0,0.0001,,,,,,0,,,,
CMW0783,0,Normal,0,0.0001,,,,,,0,,,,
COM0321,0,Normal,0,0.0001,,,,,,0,,,,
CQH0730,0,Normal,0,0.0001,,,,,,0,,,,
CSJ0340,0,Normal,0,0.0001,,,,,,0,,,,
CYA0506,0,Normal,0,0.0001,,,,,,0,,,,
DDA0476,0,Normal,0,0.0001,,,,,,0,,,,
DEB0782,0,Normal,0,0.0001,,,,,,0,,,,
DGF0443,0,Normal,0,0.0001,,,,,,0,,,,
DGM0754,0,Normal,0,0.0001,,,,,,0,,,,
DIC0988,0,Normal,0,0.0001,,,,,,0,,,,
DID0650,0,Normal,0,0.0001,,,,,,0,,,,
DLM0051,0,Normal,0,0.0001,,,,,,0,,,,
DMM0623,0,Normal,0,0.0001,,,,,,0,,,,
DOP0562,0,Normal,0,0.0001,,,,,,0,,,,
DRR0242,0,Normal,0,0.0001,,,,,,0,,,,
ECF0828,0,Normal,0,0.0001,,,,,,0,,,,
EDA0684,0,Normal,0,0.0001,,,,,,0,,,,
EFS0882,0,Normal,0,0.0001,,,,,,0,,,,
EGD0409,0,Normal,0,0.0001,,,,,,0,,,,
EIP0997,0,Normal,0,0.0001,,,,,,0,,,,
ELB0847,0,Normal,0,0.0001,,,,,,0,,,,
ELH0960,0,Normal,0,0.0001,,,,,,0,,,,
EMS0317,0,Normal,0,0.0001,,,,,,0,,,,
ENC0234,0,Normal,0,0.0001,,,,,,0,,,,
ERH0449,0,Normal,0,0.0001,,,,,,0,,,,
ESA0642,0,Normal,0,0.0001,,,,,,0,,,,
ESH0135,0,Normal,0,0.0001,,,,,,0,,,,
ETR0428,0,Normal,0,0.0001,,,,,,0,,,,
FHS0837,0,Normal,0,0.0001,,,,,,0,,,,
FOB0756,0,Normal,0,0.0001,,,,,,0,,,,
FRB0023,0,Normal,0,0.0001,,,,,,0,,,,
FRL0511,0,Normal,0,0.0001,,,,,,0,,,,
FSB0399,0,Normal,0,0.0001,,,,,,0,,,,
GCC0945,0,Normal,0,0.0001,,,,,,0,,,,
GJD0298,0,Normal,0,0.0001,,,,,,0,,,,
GJT0386,0,Normal,0,0.0001,,,,,,0,,,,
GLR0975,0,Normal,0,0.0001,,,,,,0,,,,
GTD0116,0,Normal,0,0.0001,,,,,,0,,,,
GZB0469,0,Normal,0,0.0001,,,,,,0,,,,
HAM0985,0,Normal,0,0.0001,,,,,,0,,,,
HDD0806,0,Normal,0,0.0001,,,,,,0,,,,
HIA0414,0,Normal,0,0.0001,,,,,,0,,,,
HIW0536,0,Normal,0,0.0001,,,,,,0,,,,
HJA0018,0,Normal,0,0.0001,,,,,,0,,,,
HKF0831,0,Normal,0,0.0001,,,,,,0,,,,
HKR0628,0,Normal,0,0.0001,,,,,,0,,,,
HLH0512,0,Normal,0,0.0001,,,,,,0,,,,
HMM0108,0,Normal,0,0.0001,,,,,,0,,,,
HRW0550,0,Normal,0,0.0001,,,,,,0,,,,
HSG0818,0,Normal,0,0.0001,,,,,,0,,,,
HVB0037,0,Normal,0,0.0001,,,,,,0,,,,
IAR0694,0,Normal,0,0.0001,,,,,,0,,,,
IDO0176,0,Normal,0,0.0001,,,,,,0,,,,
IHK0841,0,Normal,0,0.0001,,,,,,0,,,,
IIA0092,0,Normal,0,0.0001,,,,,,0,,,,
IJM0139,0,Normal,0,0.0001,,,,,,0,,,,
ILC0838,0,Normal,0,0.0001,,,,,,0,,,,
JAJ0849,0,Normal,0,0.0001,,,,,,0,,,,
JAM0382,0,Normal,0,0.0001,,,,,,0,,,,
JCR0289,0,Normal,0,0.0001,,,,,,0,,,,
JCR0921,0,Normal,0,0.0001,,,,,,0,,,,
JSA0775,0,Normal,0,0.0001,,,,,,0,,,,
KBC0054,0,Normal,0,0.0001,,,,,,0,,,,
KBS0874,0,Normal,0,0.0001,,,,,,0,,,,
KES0729,0,Normal,0,0.0001,,,,,,0,,,,
KJA0152,0,Normal,0,0.0001,,,,,,0,,,,
KJM0887,0,Normal,0,0.0001,,,,,,0,,,,
KJS0618,0,Normal,0,0.0001,,,,,,0,,,,
KMS0657,0,Normal,0,0.0001,,,,,,0,,,,
KNG0672,0,Normal,0,0.0001,,,,,,0,,,,
KPP0452,0,Normal,0,0.0001,,,,,,0,,,,
KRM0541,0,Normal,0,0.0001,,,,,,0,,,,
KSP0357,0,Normal,0,0.0001,,,,,,0,,,,
KTG0091,0,Normal,0,0.0001,,,,,,0,,,,
LAP0338,0,Normal,0,0.0001,,,,,,0,,,,
LCD0622,0,Normal,0,0.0001,,,,,,0,,,,
LHB0606,0,Normal,0,0.0001,,,,,,0,,,,
LNR0656,0,Normal,0,0.0001,,,,,,0,,,,
LPC0492,0,Normal,0,0.0001,,,,,,0,,,,
LUR0896,0,Normal,0,0.0001,,,,,,0,,,,
MAD0496,0,Normal,0,0.0001,,,,,,0,,,,
MAD0753,0,Normal,0,0.0001,,,,,,0,,,,
MCF0327,0,Normal,0,0.0001,,,,,,0,,,,
MCS0035,0,Normal,0,0.0001,,,,,,0,,,,
MHG0244,0,Normal,0,0.0001,,,,,,0,,,,
MHG0733,0,Normal,0,0.0001,,,,,,0,,,,
MIB0904,0,Normal,0,0.0001,,,,,,0,,,,
MIM0712,0,Normal,0,0.0001,,,,,,0,,,,
MLP0668,0,Normal,0,0.0001,,,,,,0,,,,
MNR0829,0,Normal,0,0.0001,,,,,,0,,,,
MOP0763,0,Normal,0,0.0001,,,,,,0,,,,
MSZ0310,0,Normal,0,0.0001,,,,,,0,,,,
MVH0373,0,Normal,0,0.0001,,,,,,0,,,,
NAR0981,0,Normal,0,0.0001,,,,,,0,,,,
NBH0256,0,Normal,0,0.0001,,,,,,0,,,,
NHE0919,0,Normal,0,0.0001,,,,,,0,,,,
NHH0185,0,Normal,0,0.0001,,,,,,0,,,,
NIH0969,0,Normal,0,0.0001,,,,,,0,,,,
NJB0243,0,Normal,0,0.0001,,,,,,0,,,,
NKH0807,0,Normal,0,0.0001,,,,,,0,,,,
NMG0766,0,Normal,0,0.0001,,,,,,0,,,,
NNA0610,0,Normal,0,0.0001,,,,,,0,,,,
NSC0597,0,Normal,0,0.0001,,,,,,0,,,,
NUL0471,0,Normal,0,0.0001,,,,,,0,,,,
OLB0749,0,Normal,0,0.0001,,,,,,0,,,,
OLF0504,0,Normal,0,0.0001,,,,,,0,,,,
ONW0083,0,Normal,0,0.0001,,,,,,0,,,,
OQH0183,0,Normal,0,0.0001,,,,,,0,,,,
ORG0339,0,Normal,0,0.0001,,,,,,0,,,,
ORM0669,0,Normal,0,0.0001,,,,,,0,,,,
PBP0002,0,Normal,0,0.0001,,,,,,0,,,,
PKB0429,0,Normal,0,0.0001,,,,,,0,,,,
PNH0761,0,Normal,0,0.0001,,,,,,0,,,,
PTH0830,0,Normal,0,0.0001,,,,,,0,,,,
QCH0110,0,Normal,0,0.0001,,,,,,0,,,,
QPM0727,0,Normal,0,0.0001,,,,,,0,,,,
RAM0447,0,Normal,0,0.0001,,,,,,0,,,,
RBB0485,0,Normal,0,0.0001,,,,,,0,,,,
RDM0115,0,Normal,0,0.0001,,,,,,0,,,,
RIH0777,0,Normal,0,0.0001,,,,,,0,,,,
RMS0266,0,Normal,0,0.0001,,,,,,0,,,,
RNF0765,0,Normal,0,0.0001,,,,,,0,,,,
RVC0232,0,Normal,0,0.0001,,,,,,0,,,,
SAC0592,0,Normal,0,0.0001,,,,,,0,,,,
SAT0194,0,Normal,0,0.0001,,,,,,0,,,,
SBD0913,0,Normal,0,0.0001,,,,,,0,,,,
SBN0495,0,Normal,0,0.0001,,,,,,0,,,,
SDF0017,0,Normal,0,0.0001,,,,,,0,,,,
SDO0170,0,Normal,0,0.0001,,,,,,0,,,,
SES0477,0,Normal,0,0.0001,,,,,,0,,,,
SGG0787,0,Normal,0,0.0001,,,,,,0,,,,
SGS0268,0,Normal,0,0.0001,,,,,,0,,,,
SJC0333,0,Normal,0,0.0001,,,,,,0,,,,
SJF0094,0,Normal,0,0.0001,,,,,,0,,,,
SJW0451,0,Normal,0,0.0001,,,,,,0,,,,
SLT0907,0,Normal,0,0.0001,,,,,,0,,,,
SMH0291,0,Normal,0,0.0001,,,,,,0,,,,
SMW0084,0,Normal,0,0.0001,,,,,,0,,,,
SNS0129,0,Normal,0,0.0001,,,,,,0,,,,
SOG0411,0,Normal,0,0.0001,,,,,,0,,,,
SSH0799,0,Normal,0,0.0001,,,,,,0,,,,
SVL0940,0,Normal,0,0.0001,,,,,,0,,,,
SVS0871,0,Normal,0,0.0001,,,,,,0,,,,
TIW0299,0,Normal,0,0.0001,,,,,,0,,,,
TMA0069,0,Normal,0,0.0001,,,,,,0,,,,
TRK0914,0,Normal,0,0.0001,,,,,,0,,,,
TSG0906,0,Normal,0,0.0001,,,,,,0,,,,
TUC0632,0,Normal,0,0.0001,,,,,,0,,,,
UBF0645,0,Normal,0,0.0001,,,,,,0,,,,
VCY0751,0,Normal,0,0.0001,,,,,,0,,,,
VEB0935,0,Normal,0,0.0001,,,,,,0,,,,
WTR0563,0,Normal,0,0.0001,,,,,,0,,,,
XLB0710,0,Normal,0,0.0001,,,,,,0,,,,
YCE0983,0,Normal,0,0.0001,,,,,,0,,,,
YEV0793,0,Normal,0,0.0001,,,,,,0,,,,
YIC0195,0,Normal,0,0.0001,,,,,,0,,,,
YWW0660,0,Normal,0,0.0001,,,,,,0,,,,
ZDW0859,0,Normal,0,0.0001,,,,,,0,,,,
ZJS0269,0,Normal,0,0.0001,,,,,,0,,,,
AAL0706,0,Normal,0,0.0,,,,,,0,,,,
AAS0442,0,Normal,0,0.0,,,,,,0,,,,
AAW0353,0,Normal,0,0.0,,,,,,0,,,,
ABM0845,0,Normal,0,0.0,,,,,,0,,,,
ADC0391,0,Normal,0,0.0,,,,,,0,,,,
AGB0186,0,Normal,0,0.0,,,,,,0,,,,
AHG0634,0,Normal,0,0.0,,,,,,0,,,,
AHM0410,0,Normal,0,0.0,,,,,,0,,,,
ALD0544,0,Normal,0,0.0,,,,,,0,,,,
AMH0794,0,Normal,0,0.0,,,,,,0,,,,
AMV0036,0,Normal,0,0.0,,,,,,0,,,,
ANP0555,0,Normal,0,0.0,,,,,,0,,,,
ANT0430,0,Normal,0,0.0,,,,,,0,,,,
AOS0987,0,Normal,0,0.0,,,,,,0,,,,
ARB0834,0,Normal,0,0.0,,,,,,0,,,,
ARD0509,0,Normal,0,0.0,,,,,,0,,,,
ARL0034,0,Normal,0,0.0,,,,,,0,,,,
ASL0378,0,Normal,0,0.0,,,,,,0,,,,
ASV0946,0,Normal,0,0.0,,,,,,0,,,,
ATF0274,0,Normal,0,0.0,,,,,,0,,,,
BAM0636,0,Normal,0,0.0,,,,,,0,,,,
BCB0679,0,Normal,0,0.0,,,,,,0,,,,
BCM0653,0,Normal,0,0.0,,,,,,0,,,,
BCR0581,0,Normal,0,0.0,,,,,,0,,,,
BRS0734,0,Normal,0,0.0,,,,,,0,,,,
BSH0445,0,Normal,0,0.0,,,,,,0,,,,
BSS0463,0,Normal,0,0.0,,,,,,0,,,,
BYP0070,0,Normal,0,0.0,,,,,,0,,,,
CAC0889,0,Normal,0,0.0,,,,,,0,,,,
CAS0507,0,Normal,0,0.0,,,,,,0,,,,
CCH0685,0,Normal,0,0.0,,,,,,0,,,,
CCM0467,0,Normal,0,0.0,,,,,,0,,,,
CEB0210,0,Normal,0,0.0,,,,,,0,,,,
CFG0959,0,Normal,0,0.0,,,,,,0,,,,
CGF0337,0,Normal,0,0.0,,,,,,0,,,,
CJG0470,0,Normal,0,0.0,,,,,,0,,,,
CJK0200,0,Normal,0,0.0,,,,,,0,,,,
CKB0427,0,Normal,0,0.0,,,,,,0,,,,
CKD0680,0,Normal,0,0.0,,,,,,0,,,,
CLF0852,0,Normal,0,0.0,,,,,,0,,,,
CNE0352,0,Normal,0,0.0,,,,,,0,,,,
CNM0800,0,Normal,0,0.0,,,,,,0,,,,
CSL0949,0,Normal,0,0.0,,,,,,0,,,,
CSP0197,0,Normal,0,0.0,,,,,,0,,,,
CTW0500,0,Normal,0,0.0,,,,,,0,,,,
CUD0795,0,Normal,0,0.0,,,,,,0,,,,
CXC0336,0,Normal,0,0.0,,,,,,0,,,,
DAR0885,0,Normal,0,0.0,,,,,,0,,,,
DBB0384,0,Normal,0,0.0,,,,,,0,,,,
DBG0261,0,Normal,0,0.0,,,,,,0,,,,
DCC0160,0,Normal,0,0.0,,,,,,0,,,,
DGN0480,0,Normal,0,0.0,,,,,,0,,,,
DGW0752,0,Normal,0,0.0,,,,,,0,,,,
DHM0937,0,Normal,0,0.0,,,,,,0,,,,
DIB0081,0,Normal,0,0.0,,,,,,0,,,,
DKB0631,0,Normal,0,0.0,,,,,,0,,,,
DLF0377,0,Normal,0,0.0,,,,,,0,,,,
DTT0076,0,Normal,0,0.0,,,,,,0,,,,
DVM0265,0,Normal,0,0.0,,,,,,0,,,,
DVW0103,0,Normal,0,0.0,,,,,,0,,,,
EAH0466,0,Normal,0,0.0,,,,,,0,,,,
ECR0822,0,Normal,0,0.0,,,,,,0,,,,
EIM0156,0,Normal,0,0.0,,,,,,0,,,,
ELT0769,0,Normal,0,0.0,,,,,,0,,,,
EMB0531,0,Normal,0,0.0,,,,,,0,,,,
ESJ0670,0,Normal,0,0.0,,,,,,0,,,,
ETR0177,0,Normal,0,0.0,,,,,,0,,,,
EZT0640,0,Normal,0,0.0,,,,,,0,,,,
FLM0213,0,Normal,0,0.0,,,,,,0,,,,
FPC0954,0,Normal,0,0.0,,,,,,0,,,,
FQA0854,0,Normal,0,0.0,,,,,,0,,,,
FRR0832,0,Normal,0,0.0,,,,,,0,,,,
FXF0957,0,Normal,0,0.0,,,,,,0,,,,
GAF0060,0,Normal,0,0.0,,,,,,0,,,,
GAF0570,0,Normal,0,0.0,,,,,,0,,,,
GBM0603,0,Normal,0,0.0,,,,,,0,,,,
GCC0744,0,Normal,0,0.0,,,,,,0,,,,
GCR0554,0,Normal,0,0.0,,,,,,0,,,,
GCS0518,0,Normal,0,0.0,,,,,,0,,,,
GKO0078,0,Normal,0,0.0,,,,,,0,,,,
GNZ0953,0,Normal,0,0.0,,,,,,0,,,,
GQF0659,0,Normal,0,0.0,,,,,,0,,,,
GTD0898,0,Normal,0,0.0,,,,,,0,,,,
HAH0248,0,Normal,0,0.0,,,,,,0,,,,
HCC0344,0,Normal,0,0.0,,,,,,0,,,,
HCW0419,0,Normal,0,0.0,,,,,,0,,,,
HDJ0446,0,Normal,0,0.0,,,,,,0,,,,
HGH0595,0,Normal,0,0.0,,,,,,0,,,,
HJS0072,0,Normal,0,0.0,,,,,,0,,,,
HKB0418,0,Normal,0,0.0,,,,,,0,,,,
HLM0933,0,Normal,0,0.0,,,,,,0,,,,
HPM0986,0,Normal,0,0.0,,,,,,0,,,,
HRD0635,0,Normal,0,0.0,,,,,,0,,,,
HSD0457,0,Normal,0,0.0,,,,,,0,,,,
HTF0641,0,Normal,0,0.0,,,,,,0,,,,
HWH0646,0,Normal,0,0.0,,,,,,0,,,,
HWM0342,0,Normal,0,0.0,,,,,,0,,,,
IAT0263,0,Normal,0,0.0,,,,,,0,,,,
IEB0153,0,Normal,0,0.0,,,,,,0,,,,
IJW0851,0,Normal,0,0.0,,,,,,0,,,,
IMP0530,0,Normal,0,0.0,,,,,,0,,,,
IRT0491,0,Normal,0,0.0,,,,,,0,,,,
JAD0609,0,Normal,0,0.0,,,,,,0,,,,
JCR0770,0,Normal,0,0.0,,,,,,0,,,,
JIG0128,0,Normal,0,0.0,,,,,,0,,,,
JKF0465,0,Normal,0,0.0,,,,,,0,,,,
JKJ0698,0,Normal,0,0.0,,,,,,0,,,,
JMH0543,0,Normal,0,0.0,,,,,,0,,,,
JML0909,0,Normal,0,0.0,,,,,,0,,,,
JMW0638,0,Normal,0,0.0,,,,,,0,,,,
JRF0835,0,Normal,0,0.0,,,,,,0,,,,
JRH0455,0,Normal,0,0.0,,,,,,0,,,,
JZD0888,0,Normal,0,0.0,,,,,,0,,,,
KDT0346,0,Normal,0,0.0,,,,,,0,,,,
KJW0416,0,Normal,0,0.0,,,,,,0,,,,
KLM0639,0,Normal,0,0.0,,,,,,0,,,,
KNB0022,0,Normal,0,0.0,,,,,,0,,,,
KPR0497,0,Normal,0,0.0,,,,,,0,,,,
KQC0708,0,Normal,0,0.0,,,,,,0,,,,
KQS0415,0,Normal,0,0.0,,,,,,0,,,,
KRG0158,0,Normal,0,0.0,,,,,,0,,,,
KSH0569,0,Normal,0,0.0,,,,,,0,,,,
KVT0028,0,Normal,0,0.0,,,,,,0,,,,
LBH0942,0,Normal,0,0.0,,,,,,0,,,,
LJB0826,0,Normal,0,0.0,,,,,,0,,,,
LNS0989,0,Normal,0,0.0,,,,,,0,,,,
LPH0572,0,Normal,0,0.0,,,,,,0,,,,
LQP0508,0,Normal,0,0.0,,,,,,0,,,,
MAE0331,0,Normal,0,0.0,,,,,,0,,,,
MBG0438,0,Normal,0,0.0,,,,,,0,,,,
MBW0809,0,Normal,0,0.0,,,,,,0,,,,
MCD0125,0,Normal,0,0.0,,,,,,0,,,,
MHH0180,0,Normal,0,0.0,,,,,,0,,,,
MIL0255,0,Normal,0,0.0,,,,,,0,,,,
MJM0510,0,Normal,0,0.0,,,,,,0,,,,
MLG0475,0,Normal,0,0.0,,,,,,0,,,,
MMG0943,0,Normal,0,0.0,,,,,,0,,,,
MNC0717,0,Normal,0,0.0,,,,,,0,,,,
MSD0939,0,Normal,0,0.0,,,,,,0,,,,
NCE0097,0,Normal,0,0.0,,,,,,0,,,,
NCK0421,0,Normal,0,0.0,,,,,,0,,,,
NJC0705,0,Normal,0,0.0,,,,,,0,,,,
NKH0979,0,Normal,0,0.0,,,,,,0,,,,
NSS0876,0,Normal,0,0.0,,,,,,0,,,,
OMS0101,0,Normal,0,0.0,,,,,,0,,,,
ORB0473,0,Normal,0,0.0,,,,,,0,,,,
PDW0259,0,Normal,0,0.0,,,,,,0,,,,
PGH0184,0,Normal,0,0.0,,,,,,0,,,,
PGO0433,0,Normal,0,0.0,,,,,,0,,,,
PIS0522,0,Normal,0,0.0,,,,,,0,,,,
POB0343,0,Normal,0,0.0,,,,,,0,,,,
RAS0432,0,Normal,0,0.0,,,,,,0,,,,
RDM0150,0,Normal,0,0.0,,,,,,0,,,,
RFP0380,0,Normal,0,0.0,,,,,,0,,,,
RGH0728,0,Normal,0,0.0,,,,,,0,,,,
RGN0408,0,Normal,0,0.0,,,,,,0,,,,
RHC0335,0,Normal,0,0.0,,,,,,0,,,,
RHY0079,0,Normal,0,0.0,,,,,,0,,,,
RJB0088,0,Normal,0,0.0,,,,,,0,,,,
RJM0381,0,Normal,0,0.0,,,,,,0,,,,
RKF0164,0,Normal,0,0.0,,,,,,0,,,,
ROB0272,0,Normal,0,0.0,,,,,,0,,,,
RRA0938,0,Normal,0,0.0,,,,,,0,,,,
RRC0553,0,Normal,0,0.0,,,,,,0,,,,
SAP0867,0,Normal,0,0.0,,,,,,0,,,,
SHR0334,0,Normal,0,0.0,,,,,,0,,,,
SLP0762,0,Normal,0,0.0,,,,,,0,,,,
SNC0187,0,Normal,0,0.0,,,,,,0,,,,
SSG0250,0,Normal,0,0.0,,,,,,0,,,,
SSS0345,0,Normal,0,0.0,,,,,,0,,,,
TCD0009,0,Normal,0,0.0,,,,,,0,,,,
TEB0251,0,Normal,0,0.0,,,,,,0,,,,
TEM0093,0,Normal,0,0.0,,,,,,0,,,,
TET0621,0,Normal,0,0.0,,,,,,0,,,,
TJG0582,0,Normal,0,0.0,,,,,,0,,,,
TLH0648,0,Normal,0,0.0,,,,,,0,,,,
UCH0519,0,Normal,0,0.0,,,,,,0,,,,
VAA0087,0,Normal,0,0.0,,,,,,0,,,,
VLB0647,0,Normal,0,0.0,,,,,,0,,,,
WIF0691,0,Normal,0,0.0,,,,,,0,,,,
WTF0387,0,Normal,0,0.0,,,,,,0,,,,
XBN0229,0,Normal,0,0.0,,,,,,0,,,,
XRS0633,0,Normal,0,0.0,,,,,,0,,,,
YJF0532,0,Normal,0,0.0,,,,,,0,,,,
YJV0699,0,Normal,0,0.0,,,,,,0,,,,
ZJE0857,0,Normal,0,0.0,,,,,,0,,,,
ZKS0899,0,Normal,0,0.0,,,,,,0,,,,
ZSB0649,0,Normal,0,0.0,,,,,,0,,,,
