user,day,stage,stage_name,risk,label,scenario
AAF0535,2010-06-28,1,Reconnaissance,0.6440139141467206,1,2
AAF0535,2010-06-30,3,Staging,0.4156523648050671,1,2
AAF0535,2010-07-08,4,Exfiltration,0.20856198342845414,1,2
AAF0535,2010-08-24,5,Departure,0.0001431828337014904,0,0
AAM0658,2010-10-23,4,Exfiltration,0.9939603762280828,1,1
AAM0658,2010-11-17,5,Departure,0.0014823079826908462,0,0
ABC0174,2010-12-01,3,Staging,0.9762938169340792,1,2
ABC0174,2010-12-11,4,Exfiltration,0.7187959112161842,1,2
ABC0174,2010-12-24,5,Departure,1.3190868156250598e-07,1,2
AHD0848,2010-09-16,3,Staging,0.49450754125419055,0,0
AJH0175,2010-09-14,2,Collection,0.254031842080112,0,0
AJH0175,2011-01-25,2,Collection,0.8744087299707975,0,0
AJH0175,2011-02-01,3,Staging,0.5808723248430064,0,0
AJN0607,2010-04-07,3,Staging,0.3462669649646063,0,0
AJR0932,2010-09-10,4,Exfiltration,0.997912017178032,1,1
AJR0932,2010-10-07,5,Departure,0.0018161068063238042,0,0
AKR0057,2010-11-11,4,Exfiltration,0.801614910151451,1,2
AKR0057,2010-11-30,5,Departure,3.62889749394511e-07,0,0
AOK0844,2010-01-26,2,Collection,0.37303460903343794,0,0
AOK0844,2010-10-19,3,Staging,0.6814558720751049,0,0
AOK0844,2010-12-24,3,Staging,0.4768970527007588,0,0
AOK0844,2011-01-23,5,Departure,7.548153059364826e-05,0,0
BAL0044,2011-03-18,4,Exfiltration,0.6061173114284596,0,0
BBS0039,2010-08-12,4,Exfiltration,0.8511877104972395,1,3
BBS0039,2010-08-13,5,Departure,0.022053806329861442,1,3
BDV0168,2010-08-06,4,Exfiltration,0.814599805295001,1,1
BDV0168,2010-08-25,5,Departure,0.00023742463030270838,0,0
BIH0745,2010-07-13,4,Exfiltration,0.9622948582401271,1,1
BIH0745,2010-07-27,5,Departure,0.1263183898032621,0,0
BIS0247,2011-04-19,4,Exfiltration,0.2822542565426533,0,0
BLS0678,2010-09-21,4,Exfiltration,0.9993569121688463,1,1
BLS0678,2010-10-15,5,Departure,0.0004032014465676193,0,0
BTL0226,2010-10-06,4,Exfiltration,0.9994625575617259,1,1
BTL0226,2010-11-02,5,Departure,0.012796387406105537,0,0
CAH0936,2010-08-11,4,Exfiltration,0.9998400503044511,1,1
CAH0936,2010-09-03,5,Departure,0.00023773352148581203,0,0
CCA0046,2010-05-12,4,Exfiltration,0.2551246358456044,0,0
CCA0046,2010-10-14,4,Exfiltration,0.8154103388515537,1,3
CCA0046,2010-10-15,5,Departure,0.6118630712488076,1,3
CCL0068,2010-05-18,3,Staging,0.5248209485167196,0,0
CCL0068,2010-05-19,4,Exfiltration,0.5928918541010627,0,0
CCL0068,2010-09-22,4,Exfiltration,0.4377934608885586,0,0
CCL0068,2011-02-22,5,Departure,0.9593005351213604,0,0
CEJ0109,2011-02-07,2,Collection,0.48165415626835395,1,2
CEJ0109,2011-02-10,3,Staging,0.2729189628141488,1,2
CEJ0109,2011-04-05,5,Departure,0.0007986396098226935,0,0
CFM0767,2010-03-11,3,Staging,0.21362294793757286,0,0
CFM0767,2010-10-28,3,Staging,0.20548208062349807,0,0
CGB0637,2010-06-08,3,Staging,0.5527013158395887,0,0
CGB0637,2010-07-21,4,Exfiltration,0.4024829346999679,0,0
CGB0637,2010-09-28,4,Exfiltration,0.24889681704752334,0,0
CGB0637,2011-05-16,1,Reconnaissance,0.5520455776867301,0,0
CQH0701,2011-04-05,3,Staging,0.2781078224351956,0,0
CQH0701,2011-05-09,1,Reconnaissance,0.22624711091198174,0,0
CQW0652,2010-02-26,3,Staging,0.37020904374340363,0,0
CQW0652,2010-04-05,4,Exfiltration,0.7646992885269399,0,0
CQW0652,2010-05-21,4,Exfiltration,0.4299904252118073,0,0
CQW0652,2010-12-21,4,Exfiltration,0.9217182029749964,0,0
CQW0652,2011-03-04,4,Exfiltration,0.5991816159184453,1,2
CQW0652,2011-04-18,5,Departure,0.10808382699333922,0,0
CSC0217,2010-06-11,5,Departure,0.22022532717044033,1,3
CTA0020,2010-10-07,4,Exfiltration,0.38752612658762864,0,0
DIB0285,2010-07-26,3,Staging,0.23837654654608129,1,2
DIB0285,2010-08-04,4,Exfiltration,0.9781887631906344,1,2
DIB0285,2010-09-22,5,Departure,0.0010453685512772115,0,0
DIW0118,2010-09-14,3,Staging,0.8294998083544345,0,0
DIW0118,2010-10-11,4,Exfiltration,0.46961483159746853,0,0
DIW0118,2010-12-09,4,Exfiltration,0.6487026338661744,0,0
DIW0118,2011-02-22,3,Staging,0.2447489455210524,0,0
DIW0118,2011-03-03,4,Exfiltration,0.31584710531163895,0,0
DRR0162,2010-07-15,1,Reconnaissance,0.7432412412331842,0,0
DRR0162,2010-09-15,4,Exfiltration,0.22309306423577482,0,0
DRR0162,2010-12-16,4,Exfiltration,0.9678868291167263,1,2
DRR0162,2011-01-07,5,Departure,0.005352392199931533,0,0
EDB0714,2010-06-03,1,Reconnaissance,0.3173057357237085,0,0
EDB0714,2010-10-18,3,Staging,0.9401636193837332,1,2
EDB0714,2010-10-21,4,Exfiltration,0.4973206686899498,1,2
EDB0714,2010-12-15,5,Departure,0.05261221548211585,0,0
EGD0132,2010-08-02,3,Staging,0.982126749167434,1,2
EGD0132,2010-08-13,4,Exfiltration,0.9429942280502569,1,2
EGD0132,2010-09-29,5,Departure,0.0012727874572716206,0,0
EHB0824,2010-07-22,4,Exfiltration,0.9930983980933293,1,1
EHB0824,2010-08-17,5,Departure,0.1436833571806413,0,0
EHD0584,2010-10-02,4,Exfiltration,0.9997939530339042,1,1
EHD0584,2010-10-28,5,Departure,0.0013648448062589442,0,0
EIS0041,2010-04-20,3,Staging,0.6861149803323672,0,0
EIS0041,2010-07-02,3,Staging,0.38705960893811375,0,0
EIS0041,2010-08-20,4,Exfiltration,0.34868125282814577,0,0
EIS0041,2010-12-03,4,Exfiltration,0.33706625117497907,0,0
EIS0041,2011-01-07,4,Exfiltration,0.22991955935906258,0,0
FEB0306,2010-08-16,3,Staging,0.23183898290226684,0,0
FEB0306,2010-08-25,4,Exfiltration,0.8471678565473317,0,0
FEB0306,2010-11-30,4,Exfiltration,0.6885861440325282,0,0
FEB0306,2011-01-11,3,Staging,0.4751784048891671,0,0
FEB0306,2011-03-09,4,Exfiltration,0.3871153298723837,0,0
FEB0306,2011-05-03,3,Staging,0.7939269471416461,0,0
FFC0891,2010-09-20,4,Exfiltration,0.6200913658292679,0,0
FFC0891,2010-10-08,5,Departure,9.953985293518272e-06,0,0
FMG0527,2011-01-05,4,Exfiltration,0.9921553770549632,1,1
FMG0527,2011-01-27,5,Departure,0.05830973596477532,0,0
FSC0601,2010-03-23,2,Collection,0.24785976577213614,0,0
FSC0601,2011-03-02,3,Staging,0.5340881457095618,0,0
FSC0601,2011-03-18,5,Departure,0.0031043163952243808,0,0
FTM0406,2010-11-22,3,Staging,0.48000080985379234,0,0
FTM0406,2010-11-25,4,Exfiltration,0.9965406810402454,1,1
FTM0406,2010-12-20,5,Departure,0.0007547590219170346,0,0
GCL0016,2011-03-10,3,Staging,0.37359387426790996,0,0
GCL0016,2011-04-01,4,Exfiltration,0.3478791174088924,0,0
GHH0288,2011-05-13,3,Staging,0.41132044060408884,0,0
GHL0460,2010-11-09,4,Exfiltration,0.999681665214874,1,1
GHL0460,2010-11-24,5,Departure,0.008758299360414095,0,0
GTD0219,2010-06-14,3,Staging,0.27549268847321895,0,0
GTD0219,2010-06-18,5,Departure,0.004141870666071178,1,3
HAH0760,2011-01-17,3,Staging,0.2376312386970364,0,0
HAH0760,2011-04-18,4,Exfiltration,0.21943360592210068,0,0
HBO0413,2010-01-22,3,Staging,0.3380820387292532,0,0
HBO0413,2010-03-08,4,Exfiltration,0.5224470246084381,0,0
HBO0413,2010-05-24,4,Exfiltration,0.3934030639099708,0,0
HBO0413,2010-09-28,4,Exfiltration,0.504715180308514,0,0
HBO0413,2010-12-06,4,Exfiltration,0.5253937564120493,0,0
HBO0413,2011-04-12,5,Departure,0.056128606505861094,0,0
HDH0928,2010-01-15,3,Staging,0.43861488352073685,0,0
HDH0928,2010-11-23,4,Exfiltration,0.5397991684109681,0,0
HDS0367,2010-03-16,4,Exfiltration,0.46192552046033114,0,0
HDS0367,2011-04-07,3,Staging,0.40262204402032714,0,0
HJB0742,2010-11-19,4,Exfiltration,0.40995744548369534,1,1
HJB0742,2010-12-14,5,Departure,0.0002120116642578432,0,0
HXL0968,2010-04-14,4,Exfiltration,0.7075109069096822,0,0
HXL0968,2010-09-01,3,Staging,0.9405805366064469,1,2
HXL0968,2010-09-07,4,Exfiltration,0.9989590850714872,1,2
HXL0968,2010-10-29,5,Departure,0.0014255435472056237,0,0
IBP0883,2010-12-21,4,Exfiltration,0.21295718963252835,0,0
IBS0836,2010-12-08,4,Exfiltration,0.204111982721498,0,0
ICH0294,2010-09-29,3,Staging,0.2711245249739879,0,0
IJM0776,2010-05-10,1,Reconnaissance,0.9240087461442639,0,0
IJM0776,2010-05-14,4,Exfiltration,0.9126331230803099,0,0
IJM0776,2010-09-02,5,Departure,0.6137107381574795,0,0
IKR0401,2010-12-29,1,Reconnaissance,0.24847943064390374,1,2
IKR0401,2011-01-12,4,Exfiltration,0.5295016676277566,1,2
IKR0401,2011-02-21,5,Departure,6.450612858504051e-06,0,0
IUB0565,2010-10-08,4,Exfiltration,0.287706797403217,1,2
IUB0565,2010-12-03,5,Departure,9.33839986115278e-06,0,0
JDC0030,2011-01-28,4,Exfiltration,0.4835131419556509,0,0
JFC0557,2010-10-13,4,Exfiltration,0.8351926724222685,0,0
JFC0557,2010-12-10,4,Exfiltration,0.657708202277697,0,0
JFC0557,2011-03-15,4,Exfiltration,0.5864697951415169,0,0
JFC0557,2011-05-10,4,Exfiltration,0.7707036814224557,0,0
JGT0221,2010-07-15,3,Staging,0.24567562836022555,1,3
JGT0221,2010-07-16,5,Departure,0.47587141638023717,1,3
JJH0613,2011-04-01,3,Staging,0.46930156844173954,0,0
JJM0203,2010-10-04,4,Exfiltration,0.9847906114881884,1,2
JJM0203,2010-10-29,5,Departure,2.377002527975898e-05,0,0
JLM0364,2011-04-28,3,Staging,0.20276696538284064,1,3
JLM0364,2011-04-29,5,Departure,0.5392084224954867,1,3
JMB0308,2010-07-14,4,Exfiltration,0.9817284818495006,1,1
JMB0308,2010-08-09,5,Departure,0.0022263462132040505,0,0
JRG0207,2011-01-19,4,Exfiltration,0.6673865552771494,1,1
JRG0207,2011-02-14,5,Departure,6.2798724906744e-05,0,0
JTM0223,2010-07-22,3,Staging,0.9152305266861298,1,3
JTM0223,2010-07-23,5,Departure,0.16000051589502592,1,3
KLH0596,2011-02-12,4,Exfiltration,0.488216749588705,1,1
KLH0596,2011-02-25,5,Departure,0.07591886205893253,0,0
KPC0073,2010-07-07,4,Exfiltration,0.9761446198584125,1,1
KPC0073,2010-08-03,5,Departure,8.210343207770415e-06,0,0
KRL0501,2010-04-26,2,Collection,0.4393298686301267,0,0
KRL0501,2010-10-20,4,Exfiltration,0.5401713455769579,0,0
KRL0501,2010-12-27,3,Staging,0.9993166840948607,1,2
KRL0501,2011-01-20,5,Departure,0.0002415577221821434,0,0
KWE0082,2010-11-15,3,Staging,0.5526571366595744,0,0
LCC0819,2010-06-18,3,Staging,0.30915647222861253,1,2
LCC0819,2010-08-13,5,Departure,5.358422981009114e-05,0,0
LJR0523,2010-08-05,4,Exfiltration,0.9789333695747601,1,1
LJR0523,2010-08-26,5,Departure,0.0010287336335253131,0,0
LJT0817,2010-08-11,4,Exfiltration,0.21766302948368854,0,0
LQC0479,2010-09-15,4,Exfiltration,0.9789568511810441,1,1
LQC0479,2010-10-11,5,Departure,0.0032548862270051736,0,0
MAR0955,2011-02-08,4,Exfiltration,0.999981499423562,1,1
MAR0955,2011-03-04,5,Departure,0.0002395204166767866,0,0
MAS0025,2010-09-22,3,Staging,0.829883199827567,0,0
MAS0025,2010-09-29,4,Exfiltration,0.9998802298431289,1,1
MAS0025,2010-10-15,5,Departure,0.0006848415708585027,0,0
MBJ0312,2010-05-04,4,Exfiltration,0.3417845820020378,0,0
MBJ0312,2010-08-05,4,Exfiltration,0.20443711082951935,0,0
MBJ0312,2010-12-07,4,Exfiltration,0.4803690081694074,0,0
MBJ0312,2011-01-14,4,Exfiltration,0.9337123883324798,0,0
MCF0600,2010-09-20,4,Exfiltration,0.9624221793131225,1,1
MCF0600,2010-10-16,5,Departure,3.119672337980917e-05,0,0
MDH0580,2010-05-14,4,Exfiltration,0.42348535936181847,0,0
MDH0580,2011-01-04,1,Reconnaissance,0.9306624685150722,1,2
MDH0580,2011-01-06,3,Staging,0.9737380785880817,1,2
MDH0580,2011-01-07,4,Exfiltration,0.9769207909326321,1,2
MDH0580,2011-03-04,5,Departure,0.000795860030243911,0,0
MOS0047,2010-08-19,4,Exfiltration,0.2405062605434684,1,2
MOS0047,2010-09-10,5,Departure,5.1436856652882366e-05,1,2
MPM0220,2010-11-05,5,Departure,0.3889856080291857,1,3
MSO0222,2010-12-09,3,Staging,0.927171357659544,1,3
MSO0222,2010-12-10,5,Departure,0.05592206888624827,1,3
MTB0620,2010-03-08,4,Exfiltration,0.28006253406734954,0,0
MTB0620,2010-09-14,3,Staging,0.3468491513277485,0,0
MTB0620,2010-11-16,3,Staging,0.44090091124733866,0,0
MYD0978,2010-12-08,4,Exfiltration,0.2218759911563482,0,0
MYD0978,2010-12-30,5,Departure,0.0013760025613740808,0,0
NKP0236,2011-02-07,4,Exfiltration,0.8654270254914717,0,0
NMS0280,2010-02-05,3,Staging,0.6330523512277824,0,0
NMS0280,2010-07-19,3,Staging,0.260021443906723,0,0
NMS0280,2010-09-02,3,Staging,0.8076130175257057,0,0
NMS0280,2011-01-08,3,Staging,0.3068023599573672,0,0
NMS0280,2011-05-13,3,Staging,0.2366978231379294,0,0
NWT0098,2010-01-15,4,Exfiltration,0.40367652438460505,0,0
NWT0098,2010-03-31,4,Exfiltration,0.5122320930865715,0,0
NWT0098,2010-06-07,4,Exfiltration,0.2098918798618248,0,0
NWT0098,2011-01-17,4,Exfiltration,0.6170330306866487,0,0
NWT0098,2011-04-06,5,Departure,0.0030904128742129276,0,0
OBH0499,2010-11-17,4,Exfiltration,0.5011035531772978,0,0
OCS0865,2010-11-02,3,Staging,0.20794582226486874,0,0
PMC0328,2010-02-12,1,Reconnaissance,0.8965309047021618,0,0
PMC0328,2010-03-31,2,Collection,0.3041267280464065,0,0
PMC0328,2010-06-01,4,Exfiltration,0.2516625783137645,0,0
PMC0328,2010-09-10,4,Exfiltration,0.20044373677806224,0,0
PMC0328,2010-12-06,4,Exfiltration,0.847634552818534,0,0
PMC0328,2011-02-24,2,Collection,0.3812735880329193,0,0
PMC0328,2011-03-03,4,Exfiltration,0.49969780044780154,0,0
PMV0850,2010-02-08,4,Exfiltration,0.2000055724113384,0,0
PNL0301,2010-06-14,4,Exfiltration,0.9839651758155031,1,2
PNL0301,2010-08-12,5,Departure,0.7756726213377191,0,0
PPF0435,2011-01-27,4,Exfiltration,0.9157625535824442,0,0
PPF0435,2011-02-24,5,Departure,6.105380040179596e-05,0,0
PSF0133,2010-06-24,1,Reconnaissance,0.9880749268117477,0,0
PSF0133,2010-07-22,3,Staging,0.4814422348153571,0,0
PSF0133,2010-08-04,4,Exfiltration,0.9973085793268651,1,2
PSF0133,2010-09-30,5,Departure,0.09199193837920584,0,0
RAB0589,2010-09-13,4,Exfiltration,0.9772515891538722,1,1
RAB0589,2010-10-08,5,Departure,5.201483082177602e-06,0,0
RAR0725,2010-04-05,3,Staging,0.2521779020749891,0,0
RAR0725,2010-05-10,3,Staging,0.5718115109436925,0,0
RAR0725,2010-07-07,3,Staging,0.9284969687367663,1,2
RAR0725,2010-07-08,4,Exfiltration,0.6364052232299782,1,2
RAR0725,2010-09-02,5,Departure,0.0037931419104911238,0,0
RAW0915,2010-06-20,4,Exfiltration,0.23664321887083736,0,0
RAW0915,2011-02-19,4,Exfiltration,0.411098650091073,0,0
RGG0064,2010-10-20,4,Exfiltration,0.9997929280298872,1,1
RGG0064,2010-11-15,5,Departure,0.0009085075698086944,0,0
RHL0992,2010-07-28,4,Exfiltration,0.561934766806601,1,2
RHL0992,2010-09-10,5,Departure,5.606030336774501e-05,0,0
RKD0604,2010-07-09,3,Staging,0.4684425565212748,0,0
RKD0604,2010-07-13,4,Exfiltration,0.9901881885088717,1,1
RKD0604,2010-08-04,5,Departure,0.0009374273009111951,0,0
RMW0542,2010-01-21,4,Exfiltration,0.20239041645613406,0,0
RMW0542,2010-06-24,1,Reconnaissance,0.39009585662107077,1,2
RMW0542,2010-06-28,4,Exfiltration,0.8101921522041257,1,2
RMW0542,2010-08-19,5,Departure,3.004680249026029e-06,0,0
RNP0211,2010-08-12,4,Exfiltration,0.2650345706718818,0,0
RNP0211,2011-05-16,4,Exfiltration,0.21938501230310217,0,0
SAB0781,2011-04-12,3,Staging,0.43986878406811375,0,0
SBN0971,2010-07-07,4,Exfiltration,0.47700891269157353,0,0
SGM0021,2010-01-20,3,Staging,0.7449951545656291,0,0
SGM0021,2010-01-28,4,Exfiltration,0.2037292924896979,0,0
SGM0021,2010-05-03,3,Staging,0.3162008298800791,0,0
SGM0021,2010-07-29,3,Staging,0.32844813495118164,0,0
SGM0021,2010-09-07,4,Exfiltration,0.323738219603815,0,0
SGM0021,2011-01-24,4,Exfiltration,0.2177855435039567,0,0
SGM0021,2011-03-18,4,Exfiltration,0.39037052289115326,0,0
SGM0021,2011-05-16,4,Exfiltration,0.2749919452066026,0,0
TAP0551,2010-10-23,4,Exfiltration,0.987884826487815,1,1
TAP0551,2010-11-18,5,Departure,0.009133067243081218,0,0
TNM0961,2010-10-18,2,Collection,0.9542541533938711,1,2
TNM0961,2010-11-01,4,Exfiltration,0.995393475387601,1,2
TNM0961,2010-12-13,5,Departure,1.923778083244145e-05,0,0
VTT0385,2011-04-21,4,Exfiltration,0.3590183446587945,0,0
WDD0366,2011-02-24,4,Exfiltration,0.9975487733859096,1,1
WDD0366,2011-03-22,5,Departure,0.00024451706435545296,0,0
WIQ0567,2010-04-07,1,Reconnaissance,0.2784455519496177,0,0
WIQ0567,2011-02-14,4,Exfiltration,0.23642324768890224,0,0
XAA0104,2011-04-11,4,Exfiltration,0.22494665296930838,0,0
XHW0498,2010-08-10,4,Exfiltration,0.5758249710529317,1,2
XHW0498,2010-09-14,3,Staging,0.9533445205166889,1,2
XHW0498,2010-09-23,4,Exfiltration,0.41668360157369844,1,2
XHW0498,2010-10-07,5,Departure,9.476247977905585e-05,0,0
