user,day,cv_score,label,scenario
MAR0955,2011-02-08,0.999981499423562,1,1
CAH0936,2010-08-12,0.9999617246623426,1,1
EDB0714,2010-11-16,0.9999477991473855,1,2
RAR0725,2010-08-09,0.9999380978796284,1,2
EHB0824,2010-07-28,0.9999320263650602,1,1
EDB0714,2010-10-22,0.9998921072562702,1,2
EDB0714,2010-11-08,0.9998899495762824,1,2
RAR0725,2010-08-06,0.9998805294138091,1,2
MAS0025,2010-09-29,0.9998802298431289,1,1
EGD0132,2010-08-31,0.999876609796091,1,2
EGD0132,2010-09-15,0.9998712938979766,1,2
RAR0725,2010-08-18,0.9998657356922461,1,2
RAR0725,2010-07-15,0.9998653670985501,1,2
EGD0132,2010-08-11,0.9998616774071915,1,2
MDH0580,2011-02-17,0.9998568569115514,1,2
CAH0936,2010-08-11,0.9998400503044511,1,1
HXL0968,2010-10-06,0.9998390036406974,1,2
HXL0968,2010-09-30,0.9998301809948579,1,2
EDB0714,2010-11-22,0.9998290414981683,1,2
MAS0025,2010-09-30,0.9998283020765603,1,1
RAR0725,2010-07-21,0.9998231045435405,1,2
RAR0725,2010-07-28,0.9998146848784997,1,2
EHD0584,2010-10-02,0.9997939530339042,1,1
RGG0064,2010-10-20,0.9997929280298872,1,1
EGD0132,2010-08-20,0.9997901930435706,1,2
RAR0725,2010-08-04,0.99977766283933,1,2
RAR0725,2010-07-16,0.9997703188512393,1,2
PSF0133,2010-09-09,0.9997578810646449,1,2
EGD0132,2010-08-24,0.9997552452807057,1,2
LCC0819,2010-08-02,0.9997161539793099,1,2
PSF0133,2010-08-27,0.9996951485183665,1,2
GHL0460,2010-11-09,0.999681665214874,1,1
PNL0301,2010-08-03,0.9996463283166852,1,2
MDH0580,2011-02-08,0.9996429812059526,1,2
PNL0301,2010-07-19,0.9996214226292952,1,2
EDB0714,2010-11-24,0.9996130034978036,1,2
IJM0776,2010-08-09,0.9996126588098594,1,2
EGD0132,2010-09-17,0.9996044102167619,1,2
HXL0968,2010-10-08,0.9996006198071905,1,2
PSF0133,2010-09-29,0.9995806107293799,1,2
HXL0968,2010-10-14,0.9995170121315731,1,2
EGD0132,2010-08-23,0.999510352141078,1,2
EDB0714,2010-11-05,0.9994838337472006,1,2
EGD0132,2010-08-16,0.999480581707355,1,2
EDB0714,2010-11-18,0.9994686216704943,1,2
CCL0068,2011-02-07,0.9994666136846242,1,2
BTL0226,2010-10-06,0.9994625575617259,1,1
IJM0776,2010-08-19,0.9994435487392537,1,2
BLS0678,2010-09-21,0.9993569121688463,1,1
LCC0819,2010-07-26,0.9993566165455988,1,2
KRL0501,2010-12-27,0.9993166840948607,1,2
EDB0714,2010-11-30,0.9992904318069517,1,2
MYD0978,2010-12-15,0.9992812411873604,1,1
PNL0301,2010-07-26,0.9992687798412436,1,2
PSF0133,2010-08-24,0.9992590623946328,1,2
HBO0413,2011-04-07,0.9992537973944794,1,2
LCC0819,2010-07-30,0.9992488060411023,1,2
CCL0068,2011-02-21,0.999185710031531,1,2
MDH0580,2011-02-18,0.999084811744676,1,2
FTM0406,2010-12-02,0.9990599213118935,1,1
PNL0301,2010-07-22,0.999031486746633,1,2
CCL0068,2011-02-11,0.9989696532349638,1,2
HXL0968,2010-09-07,0.9989590850714872,1,2
PSF0133,2010-08-18,0.9989490602354953,1,2
PSF0133,2010-08-09,0.9989232738315954,1,2
MDH0580,2011-02-03,0.9989126196774917,1,2
IKR0401,2011-02-02,0.998896488617927,1,2
EGD0132,2010-09-14,0.9988922284796161,1,2
CEJ0109,2011-03-24,0.9988914634133454,1,2
EGD0132,2010-09-02,0.9988859834672266,1,2
CCL0068,2011-02-08,0.998852442407744,1,2
DIB0285,2010-09-07,0.998834517260677,1,2
RMW0542,2010-08-10,0.9988211913510048,1,2
MDH0580,2011-02-11,0.9986937190974643,1,2
RAR0725,2010-07-27,0.9986798894900559,1,2
DIB0285,2010-09-08,0.9985520851776394,1,2
IJM0776,2010-08-18,0.9985310825210187,1,2
EGD0132,2010-08-09,0.9985004187388066,1,2
RGG0064,2010-10-27,0.9984607564403183,1,1
MDH0580,2011-01-11,0.998296673863514,1,2
HXL0968,2010-09-20,0.9982645306356954,1,2
CQW0652,2011-03-28,0.99825162421133,1,2
CEJ0109,2011-03-22,0.998209614489967,1,2
PSF0133,2010-08-11,0.998203867249024,1,2
MYD0978,2010-12-13,0.9981919474285202,1,1
PNL0301,2010-07-29,0.9981210472461575,1,2
EGD0132,2010-09-08,0.997913900281979,1,2
AJR0932,2010-09-10,0.997912017178032,1,1
EGD0132,2010-08-30,0.9978246901093819,1,2
EDB0714,2010-10-28,0.9978210618199538,1,2
WDD0366,2011-03-02,0.9977723805378973,1,1
PSF0133,2010-08-25,0.9977058100441862,1,2
AAF0535,2010-08-12,0.9976199954921215,1,2
WDD0366,2011-02-24,0.9975487733859096,1,1
LCC0819,2010-07-28,0.9974563814207997,1,2
CCL0068,2011-02-04,0.9973860102605223,1,2
CEJ0109,2011-03-21,0.9973621111417413,1,2
PSF0133,2010-08-04,0.9973085793268651,1,2
LCC0819,2010-07-16,0.9972467038005822,1,2
EGD0132,2010-08-10,0.9972123977486652,1,2
PSF0133,2010-09-16,0.9971061797963854,1,2
TAP0551,2010-10-29,0.9970858951880595,1,1
EDB0714,2010-12-03,0.9970850754503041,1,2
PSF0133,2010-08-06,0.9970689722392828,1,2
CQW0652,2011-03-09,0.9970003351813478,1,2
HXL0968,2010-10-25,0.9969993049554337,1,2
RAR0725,2010-07-23,0.9969936009760263,1,2
EGD0132,2010-08-03,0.9969310631494208,1,2
PNL0301,2010-06-30,0.9968965150269491,1,2
IJM0776,2010-07-21,0.99683229687728,1,2
CQW0652,2011-04-06,0.9967620566439773,1,2
FTM0406,2010-11-25,0.9965406810402454,1,1
HXL0968,2010-10-05,0.9963766839594949,1,2
RAR0725,2010-08-03,0.9961963711467925,1,2
IUB0565,2010-11-19,0.9961263387733172,1,2
EDB0714,2010-10-25,0.996092769192636,1,2
EHB0824,2010-07-27,0.9960536450584175,1,1
PSF0133,2010-08-19,0.9959964640855631,1,2
HXL0968,2010-10-20,0.9959166293961299,1,2
EDB0714,2010-10-27,0.9959146973161568,1,2
PSF0133,2010-08-30,0.9958822973542053,1,2
DIB0285,2010-09-10,0.9956801903137712,1,2
CCL0068,2011-02-10,0.9956310692546465,1,2
EDB0714,2010-11-01,0.9956122037373938,1,2
TNM0961,2010-11-19,0.9955670404974162,1,2
CQW0652,2011-02-21,0.995509309746518,1,2
TNM0961,2010-11-01,0.995393475387601,1,2
PSF0133,2010-09-01,0.995352330502795,1,2
EDB0714,2010-10-20,0.9952443576005309,1,2
RAR0725,2010-08-12,0.9951662769195022,1,2
MDH0580,2011-02-01,0.9950784948373609,1,2
LJR0523,2010-08-11,0.9950696440439796,1,1
HBO0413,2011-03-22,0.9949904049137771,1,2
RAR0725,2010-08-02,0.994908872513062,1,2
MDH0580,2011-01-10,0.9948602552336966,1,2
PSF0133,2010-08-17,0.9947423966855633,1,2
HXL0968,2010-09-13,0.9947289530284603,1,2
EGD0132,2010-08-25,0.9946755157068669,1,2
DIB0285,2010-09-03,0.9944786095107192,1,2
RMW0542,2010-07-23,0.9944560103086757,1,2
EDB0714,2010-11-02,0.9942871635048424,1,2
HXL0968,2010-09-21,0.9942316155030793,1,2
CQW0652,2011-03-10,0.9942021226818851,1,2
LJR0523,2010-08-07,0.994140586266486,1,1
LCC0819,2010-08-10,0.9941356442636904,1,2
CQW0652,2011-04-07,0.9939824605412215,1,2
AAM0658,2010-10-23,0.9939603762280828,1,1
EGD0132,2010-09-28,0.9937097121497432,1,2
PNL0301,2010-06-21,0.9935030612485353,1,2
MAR0955,2011-02-11,0.9934136848916157,1,1
EHB0824,2010-07-22,0.9930983980933293,1,1
EDB0714,2010-11-03,0.9928541575402188,1,2
EGD0132,2010-08-27,0.9928089995855234,1,2
IUB0565,2010-11-22,0.9925192363895723,1,2
EHD0584,2010-10-08,0.9924313651982759,1,1
FMG0527,2011-01-05,0.9921553770549632,1,1
CCL0068,2011-02-03,0.9919914499850494,1,2
BTL0226,2010-10-14,0.9919198538767615,1,1
EDB0714,2010-10-26,0.991844236289986,1,2
PNL0301,2010-07-06,0.9916011266272216,1,2
CCL0068,2011-02-17,0.9914082155409806,1,2
IJM0776,2010-09-01,0.990961153654734,1,2
IUB0565,2010-11-10,0.9908589152161561,1,2
RAR0725,2010-07-20,0.9902056131808976,1,2
RKD0604,2010-07-13,0.9901881885088717,1,1
PNL0301,2010-07-28,0.9897812748617726,0,0
MDH0580,2011-01-17,0.9896602225739846,1,2
MCF0600,2010-09-23,0.9895575677098943,1,1
HXL0968,2010-09-17,0.9894059886681458,1,2
NWT0098,2011-04-01,0.9893761757807576,1,2
AAM0658,2010-10-29,0.989283850558956,1,1
HXL0968,2010-10-15,0.988900053891764,1,2
IJM0776,2010-07-15,0.9884500534826517,1,2
CQW0652,2011-04-14,0.9883510031743545,1,2
PSF0133,2010-06-24,0.9880749268117477,0,0
TAP0551,2010-10-23,0.987884826487815,1,1
PSF0133,2010-08-23,0.9878589048120363,1,2
MAR0955,2011-02-09,0.9875815441789378,1,1
EDB0714,2010-10-19,0.9872639483711804,1,2
JJM0203,2010-10-07,0.9870940439098329,1,2
DIB0285,2010-08-19,0.9869519693447767,1,2
IJM0776,2010-07-12,0.9868516947097111,1,2
IUB0565,2010-11-16,0.9865044018422567,1,2
MDH0580,2011-01-20,0.9860270553602517,1,2
HBO0413,2011-04-08,0.9858776847804601,1,2
EDB0714,2010-11-15,0.9858722852188558,1,2
MYD0978,2010-12-18,0.9858142671439807,1,1
RAR0725,2010-07-26,0.9848202268930463,1,2
JJM0203,2010-10-04,0.9847906114881884,1,2
CQW0652,2011-02-28,0.9846061256183615,1,2
IUB0565,2010-11-30,0.9842824783376057,1,2
PNL0301,2010-06-14,0.9839651758155031,1,2
RAR0725,2010-07-30,0.9839501660720448,1,2
CCL0068,2010-07-01,0.9839031682759404,0,0
RHL0992,2010-08-20,0.9834035424508825,1,2
MAS0025,2010-10-01,0.9825350664644438,0,0
EGD0132,2010-08-02,0.982126749167434,1,2
HXL0968,2010-10-11,0.9817516507590077,1,2
JMB0308,2010-07-14,0.9817284818495006,1,1
AAF0535,2010-08-05,0.9816680438064181,1,2
AJR0932,2010-09-18,0.9812813943925476,1,1
CCL0068,2010-06-22,0.9811322870362856,0,0
EGD0132,2010-08-04,0.9810699617823562,1,2
IJM0776,2010-05-25,0.9810582786746831,0,0
RHL0992,2010-08-26,0.9806134776095223,1,2
PNL0301,2010-06-22,0.9805995052170638,1,2
IKR0401,2011-02-03,0.980299378576054,1,2
EIS0041,2010-09-15,0.9797919866799781,0,0
RAR0725,2010-07-29,0.9797588666171575,1,2
RMW0542,2010-07-26,0.9795515029858883,1,2
LQC0479,2010-09-15,0.9789568511810441,1,1
LJR0523,2010-08-05,0.9789333695747601,1,1
PNL0301,2010-07-14,0.9783236621334579,1,2
DIB0285,2010-08-09,0.97830697979364,1,2
RHL0992,2010-09-01,0.9781930034492803,1,2
DIB0285,2010-08-04,0.9781887631906344,1,2
CCL0068,2010-09-28,0.9778937281999415,0,0
PSF0133,2010-09-03,0.9774292206620708,1,2
RAB0589,2010-09-13,0.9772515891538722,1,1
EDB0714,2010-11-12,0.977219870769055,1,2
MDH0580,2011-01-07,0.9769207909326321,1,2
PNL0301,2010-07-01,0.9768047713633099,1,2
CEJ0109,2011-03-15,0.9766639117221334,1,2
CQW0652,2010-05-04,0.9766386410681899,0,0
ABC0174,2010-12-01,0.9762938169340792,1,2
KPC0073,2010-07-07,0.9761446198584125,1,1
IJM0776,2010-08-03,0.9758778250025256,1,2
CQW0652,2010-11-19,0.9747110098245954,0,0
KRL0501,2010-12-28,0.9743586998021767,1,2
PSF0133,2010-09-15,0.9742732941220295,1,2
JJM0203,2010-10-19,0.9741623818668438,1,2
CCL0068,2010-07-07,0.973815445256442,0,0
MDH0580,2011-01-06,0.9737380785880817,1,2
JMB0308,2010-07-15,0.9734318599970361,1,1
MDH0580,2011-01-31,0.9728165419240232,1,2
CQW0652,2011-03-22,0.9727482209306927,1,2
HXL0968,2010-09-22,0.9725240898533516,1,2
EGD0132,2010-08-06,0.9721038551369517,1,2
XHW0498,2010-09-16,0.9707244307612748,1,2
EDB0714,2010-11-10,0.9701709078274982,1,2
HXL0968,2010-09-28,0.9691188877134368,1,2
HXL0968,2010-09-14,0.9688892674483992,1,2
PSF0133,2010-08-10,0.9686377131029975,1,2
DRR0162,2010-12-16,0.9678868291167263,1,2
IJM0776,2010-07-27,0.9674438169771963,1,2
PSF0133,2010-08-05,0.9670819034369255,1,2
AAF0535,2010-07-15,0.966537058014951,1,2
MCF0600,2010-09-22,0.9640586534918292,1,1
IUB0565,2010-11-05,0.9638912834800059,1,2
FMG0527,2011-01-11,0.9631975616358341,1,1
MCF0600,2010-09-20,0.9624221793131225,1,1
BIH0745,2010-07-13,0.9622948582401271,1,1
JMB0308,2010-07-20,0.9618994504515341,1,1
EGD0132,2010-08-26,0.9605305066924233,1,2
RMW0542,2010-07-21,0.9604219032122593,1,2
RMW0542,2010-07-29,0.9596296078545878,1,2
CCL0068,2011-02-22,0.9593005351213604,0,0
PMC0328,2010-07-19,0.9591206524507038,0,0
PMC0328,2011-04-06,0.958853105803363,0,0
EGD0132,2010-08-12,0.9587948178522288,1,2
CQW0652,2010-05-27,0.9579119595391385,0,0
HXL0968,2010-09-02,0.9578948303870235,1,2
MDH0580,2011-01-14,0.9573143011935719,1,2
IJM0776,2010-07-07,0.9572211862266233,1,2
CCL0068,2011-01-07,0.957139468893204,1,2
MDH0580,2011-02-28,0.9560725223994577,1,2
PSF0133,2010-09-24,0.9559118061036888,0,0
HXL0968,2010-09-24,0.9557013156364771,1,2
CQW0652,2010-11-23,0.9556432076917143,0,0
HXL0968,2010-09-15,0.9548610143082168,1,2
MDH0580,2011-01-21,0.9544164307781454,1,2
TNM0961,2010-10-18,0.9542541533938711,1,2
XHW0498,2010-09-14,0.9533445205166889,1,2
KRL0501,2010-12-30,0.9525866801488269,1,2
HXL0968,2010-09-29,0.9519632638390594,1,2
AAF0535,2010-08-09,0.9518802961977931,1,2
MDH0580,2011-01-13,0.9509334557456467,1,2
HXL0968,2010-09-03,0.9505185348019553,1,2
RGG0064,2010-10-22,0.9504873249013251,1,1
HXL0968,2010-10-28,0.9498278458041424,1,2
LCC0819,2010-07-02,0.9493341510704266,1,2
CCL0068,2010-08-10,0.9492907889582026,0,0
PSF0133,2010-08-02,0.9483835579398008,1,2
JJM0203,2010-10-14,0.9476498622077254,1,2
PNL0301,2010-06-24,0.9466440278447891,1,2
CCL0068,2011-01-14,0.9461580946450407,1,2
PSF0133,2010-08-13,0.9458799080116185,1,2
PSF0133,2010-09-21,0.9450685501739151,1,2
DIB0285,2010-09-13,0.944979646835403,1,2
EGD0132,2010-08-05,0.9443387197226538,1,2
EGD0132,2010-08-13,0.9429942280502569,1,2
PMC0328,2011-05-13,0.9408962538442982,0,0
HXL0968,2010-09-01,0.9405805366064469,1,2
DIB0285,2010-08-16,0.9404514812590852,1,2
EDB0714,2010-10-18,0.9401636193837332,1,2
JJM0203,2010-10-12,0.9395700007887113,1,2
CCL0068,2010-06-28,0.939360322533559,0,0
CCL0068,2010-08-13,0.9381689126545452,0,0
PSF0133,2010-07-28,0.9363513649690752,0,0
CCL0068,2010-10-20,0.9360491250305749,0,0
CEJ0109,2011-02-22,0.934523349264644,1,2
PMC0328,2010-04-29,0.9341557499149568,0,0
LCC0819,2010-07-21,0.9340586515954077,1,2
MBJ0312,2011-01-14,0.9337123883324798,0,0
FEB0306,2010-09-15,0.933459938229795,0,0
MDH0580,2011-01-04,0.9306624685150722,1,2
EDB0714,2010-12-14,0.9302687756178648,1,2
PSF0133,2010-08-03,0.9298467371889511,1,2
RAR0725,2010-07-07,0.9284969687367663,1,2
HXL0968,2010-09-09,0.9281575006876204,1,2
MSO0222,2010-12-09,0.927171357659544,1,3
PNL0301,2010-06-29,0.9270201145323576,1,2
HBO0413,2010-10-14,0.9257852650739729,0,0
PMC0328,2010-09-16,0.9250343133044653,0,0
CQW0652,2010-10-27,0.9247222333362318,0,0
IJM0776,2010-05-10,0.9240087461442639,0,0
RAB0589,2010-09-23,0.923222838380339,1,1
PSF0133,2010-07-29,0.9229747498253207,0,0
CQW0652,2010-12-21,0.9217182029749964,0,0
CCL0068,2011-01-03,0.9217158313594275,1,2
PMC0328,2010-07-12,0.9206696689187267,0,0
KPC0073,2010-07-12,0.920595582205686,1,1
CCL0068,2011-02-01,0.9198919183619798,1,2
CCL0068,2010-12-20,0.919441590192453,0,0
PSF0133,2010-08-20,0.9185065196349251,1,2
PPF0435,2011-01-27,0.9157625535824442,0,0
JTM0223,2010-07-22,0.9152305266861298,1,3
CQW0652,2011-03-18,0.9145642061016019,1,2
HBO0413,2010-10-21,0.9138063564886203,0,0
HBO0413,2011-03-16,0.9134659118115226,1,2
IJM0776,2010-05-14,0.9126331230803099,0,0
RAR0725,2010-07-14,0.9125891131888352,1,2
AAF0535,2010-07-26,0.9120121613630418,1,2
PNL0301,2010-07-09,0.910276925584118,1,2
PNL0301,2010-07-02,0.9094192963490856,1,2
CQW0652,2010-11-30,0.9087184191324255,0,0
IJM0776,2010-07-30,0.9085176896131498,1,2
HXL0968,2010-05-26,0.9055948931373885,0,0
CQW0652,2010-06-01,0.9038733437641995,0,0
PNL0301,2010-07-27,0.9037772310189075,1,2
IUB0565,2010-10-26,0.9035663787865392,1,2
AKR0057,2010-11-12,0.9033533126926986,1,2
CCL0068,2010-10-12,0.9012812120062923,0,0
IKR0401,2011-01-25,0.9004509872010388,1,2
CQW0652,2011-03-23,0.9000933298871427,0,0
CQW0652,2011-03-03,0.8990905888943527,1,2
CCL0068,2011-01-24,0.8969591467368303,1,2
PMC0328,2010-02-12,0.8965309047021618,0,0
CCL0068,2010-08-25,0.8964956581646809,0,0
JFC0557,2011-03-21,0.8956925204073519,0,0
CCL0068,2010-10-29,0.893782038317769,0,0
DIB0285,2010-07-30,0.8918440805021984,1,2
CCL0068,2010-12-30,0.8906394925434136,1,2
AAF0535,2010-08-13,0.8898763658683685,1,2
PNL0301,2010-07-07,0.8885765863270991,1,2
CCL0068,2011-01-13,0.8873290646221711,1,2
CCL0068,2011-01-10,0.8865720501615831,1,2
RHL0992,2010-08-27,0.8865294059069615,1,2
EDB0714,2010-11-09,0.8836086457304362,1,2
PMC0328,2010-07-07,0.8819288001469945,0,0
CQW0652,2010-10-28,0.8813392027668491,0,0
FEB0306,2011-01-26,0.8806608320346639,0,0
IJM0776,2010-08-17,0.8801632274183553,1,2
CQW0652,2010-07-13,0.8800276173178442,0,0
CQW0652,2011-03-21,0.879265545306867,0,0
CCL0068,2010-06-17,0.8787545545749471,0,0
JRG0207,2011-01-25,0.8786151217614953,1,1
LCC0819,2010-07-08,0.87475724622234,1,2
HXL0968,2010-05-17,0.8744833955280795,0,0
AJH0175,2011-01-25,0.8744087299707975,0,0
PSF0133,2010-07-30,0.8742785693557622,0,0
HXL0968,2010-09-23,0.872155652886805,1,2
CQW0652,2010-09-16,0.8710463628333076,0,0
CCL0068,2011-01-12,0.8699154652298662,1,2
NKP0236,2011-02-07,0.8654270254914717,0,0
CCL0068,2010-07-08,0.8651386141333405,0,0
CQW0652,2010-08-06,0.864564531635608,0,0
CEJ0109,2011-02-15,0.864499937488077,1,2
PMC0328,2010-12-13,0.8644498373284966,0,0
SGM0021,2011-04-05,0.8626122451108196,0,0
CCL0068,2010-10-01,0.861578805257819,0,0
CQW0652,2010-07-20,0.8610206781969846,0,0
BTL0226,2010-10-12,0.8588595665248506,1,1
CCL0068,2010-07-30,0.858858574160749,0,0
DIB0285,2010-07-29,0.857834182946606,1,2
LCC0819,2010-06-29,0.8560977332470563,1,2
AAF0535,2010-07-20,0.8554163118559648,1,2
DIB0285,2010-08-17,0.8548848297644719,1,2
HBO0413,2011-03-03,0.8538639578193411,1,2
CQW0652,2010-04-20,0.8519135405727768,0,0
BBS0039,2010-08-12,0.8511877104972395,1,3
IJM0776,2010-08-10,0.8501036818619767,0,0
PMC0328,2010-12-06,0.847634552818534,0,0
FEB0306,2010-08-25,0.8471678565473317,0,0
NWT0098,2011-03-16,0.8469347947040188,1,2
RAR0725,2010-07-09,0.8436848777057954,1,2
PSF0133,2010-08-31,0.8414104035879684,1,2
PMC0328,2011-03-08,0.8413543793839053,0,0
EGD0132,2010-08-19,0.8404889956178153,1,2
CCL0068,2010-12-07,0.8396932036163395,0,0
JFC0557,2010-10-13,0.8351926724222685,0,0
PMC0328,2011-03-30,0.8332660160262404,0,0
MAS0025,2010-09-22,0.829883199827567,0,0
DIW0118,2010-09-14,0.8294998083544345,0,0
PMC0328,2011-05-09,0.8270849690751179,0,0
PMC0328,2010-08-18,0.8249256059249612,0,0
IKR0401,2011-02-07,0.8213691174319203,1,2
FEB0306,2011-02-16,0.8203132325573815,0,0
CCL0068,2010-11-23,0.8181652510449213,0,0
CQW0652,2011-02-18,0.8167519710918845,1,2
CCA0046,2010-10-14,0.8154103388515537,1,3
NWT0098,2010-01-21,0.8152878513753002,0,0
BDV0168,2010-08-06,0.814599805295001,1,1
HBO0413,2011-03-24,0.8136750275187381,1,2
CQW0652,2010-08-25,0.8134164747183699,0,0
MDH0580,2011-01-28,0.8132907943664345,1,2
CQW0652,2010-12-08,0.8132427304447751,0,0
EIS0041,2010-07-21,0.8120790281461524,0,0
IKR0401,2011-01-31,0.811323435539029,1,2
PSF0133,2010-09-23,0.8108309864283868,0,0
HBO0413,2010-11-04,0.8108178751984536,0,0
DIB0285,2010-08-24,0.8107371696163821,1,2
RMW0542,2010-06-28,0.8101921522041257,1,2
CCL0068,2010-09-30,0.8100389705352221,0,0
PSF0133,2010-09-13,0.808989813729787,0,0
RAR0725,2010-07-22,0.8080200578907865,1,2
NMS0280,2010-09-02,0.8076130175257057,0,0
CCL0068,2010-10-19,0.8069919927784854,0,0
PSF0133,2010-08-16,0.8062879852151408,1,2
MDH0580,2011-01-24,0.8044398281230706,1,2
FSC0601,2011-03-07,0.8023304707339688,1,2
AKR0057,2010-11-11,0.801614910151451,1,2
CCL0068,2010-06-04,0.8013760117887108,0,0
DIB0285,2010-07-28,0.799324928543743,1,2
HXL0968,2010-07-19,0.7992788614108888,0,0
CCL0068,2010-07-23,0.7971241343372945,0,0
CQW0652,2011-02-23,0.7964405186115527,1,2
CQW0652,2010-10-01,0.7957589037337847,0,0
NWT0098,2011-02-22,0.7942270706905937,1,2
FEB0306,2011-05-03,0.7939269471416461,0,0
CCL0068,2010-07-26,0.7933002264805331,0,0
PSF0133,2010-07-08,0.7930888035593736,0,0
CQW0652,2010-03-19,0.7929808010896325,0,0
HXL0968,2010-10-26,0.7916079325493993,0,0
PSF0133,2010-08-26,0.7910979851018577,1,2
AAF0535,2010-07-16,0.7897011087673829,1,2
HXL0968,2010-09-10,0.7880042334417412,1,2
CCL0068,2010-07-22,0.7867239771789413,0,0
IJM0776,2010-08-12,0.7851194350835053,0,0
JFC0557,2010-12-01,0.7839337940573788,0,0
LQC0479,2010-09-21,0.7829737959780377,1,1
IJM0776,2010-08-16,0.7810706843401023,0,0
PSF0133,2010-07-16,0.7809869166702574,0,0
RHL0992,2010-07-29,0.7805846286863001,1,2
NWT0098,2010-09-10,0.7804762673187746,0,0
PNL0301,2010-08-12,0.7756726213377191,0,0
CCL0068,2010-10-04,0.7741324147525703,0,0
MDH0580,2011-01-26,0.7728438851873759,1,2
JFC0557,2011-05-10,0.7707036814224557,0,0
IUB0565,2010-11-04,0.7705459465536559,1,2
CCL0068,2010-06-02,0.7666638209291156,0,0
IKR0401,2011-01-18,0.7651499619369478,1,2
CQW0652,2010-06-22,0.7649568703442101,0,0
CQW0652,2010-04-05,0.7646992885269399,0,0
VTT0385,2011-04-26,0.7646973681007637,0,0
JFC0557,2011-04-25,0.7628813348512274,0,0
NWT0098,2010-07-09,0.757824464770709,0,0
HBO0413,2010-10-15,0.7496133932882371,0,0
HBO0413,2011-02-25,0.7493411541099226,1,2
CCL0068,2010-08-20,0.7489974582917797,0,0
CQW0652,2010-11-11,0.7489197379374938,0,0
PMC0328,2010-09-30,0.7461171786906925,0,0
SGM0021,2010-01-20,0.7449951545656291,0,0
JFC0557,2011-04-07,0.7445560323601954,0,0
CCL0068,2010-08-16,0.7436362996805664,0,0
RAR0725,2010-07-19,0.7435898338211969,1,2
MDH0580,2011-01-12,0.7433197159298384,1,2
DRR0162,2010-07-15,0.7432412412331842,0,0
LCC0819,2010-07-15,0.7407278229246075,1,2
CQW0652,2010-08-30,0.738324492984602,0,0
CQW0652,2011-03-07,0.7363607084941124,1,2
CQW0652,2011-03-15,0.7346825155647138,1,2
SAB0781,2011-05-12,0.7338587197058996,0,0
HBO0413,2011-01-18,0.730399533145922,0,0
CCL0068,2010-10-15,0.7298045026284814,0,0
PMC0328,2010-08-03,0.7255885294609004,0,0
PSF0133,2010-09-07,0.7252520829665718,0,0
CCL0068,2010-08-09,0.7243474669643118,0,0
HBO0413,2010-03-19,0.722257355122222,0,0
IJM0776,2010-05-28,0.7206366877242143,0,0
PNL0301,2010-06-28,0.7201394433741612,1,2
JFC0557,2011-01-06,0.7192901337874504,0,0
ABC0174,2010-12-11,0.7187959112161842,1,2
CCL0068,2010-07-29,0.7182229783631995,0,0
NWT0098,2011-04-05,0.7180910037645355,1,2
IJM0776,2010-07-13,0.7176092210577668,1,2
NWT0098,2010-11-15,0.7169949648523889,0,0
CQW0652,2010-11-18,0.7168669613998989,0,0
RHL0992,2010-08-04,0.7142205728595935,1,2
AAF0535,2010-08-03,0.7139206688639783,1,2
